Date,Domain,KPI_Name,Actual_Value,Seasonal_Adjusted_Forecast,yhat_lower,yhat_upper,Is_Trend_Anomaly,Trend_Anomaly_Severity,Is_Anomaly_Output_KPI
2025-01-01,Customer Experience,Anomaly_Count,5.0,7.366435830554768,4.238697449285506,10.740212650529216,0,0.0,True
2025-02-01,Customer Experience,Anomaly_Count,8.0,6.3499996795201135,3.124452242189929,9.390031929678656,0,0.0,True
2025-03-01,Customer Experience,Anomaly_Count,11.0,7.587834732422048,4.399842286955193,10.85548569201663,1,2.2,True
2025-04-01,Customer Experience,Anomaly_Count,9.0,8.063889689369846,4.862371331431952,11.30862470189594,0,0.0,True
2025-05-01,Customer Experience,Anomaly_Count,9.0,6.689059481342116,3.283304466882879,9.71690570318584,0,0.0,True
2025-06-01,Customer Experience,Anomaly_Count,6.0,6.293477760243304,3.1764844150809783,9.129574328281064,0,0.0,True
2025-07-01,Customer Experience,Anomaly_Count,5.0,7.39261788092201,4.161397592600014,10.28989010960846,0,0.0,True
2025-08-01,Customer Experience,Anomaly_Count,5.0,7.083804635797455,3.827397277875341,10.15828934107466,0,0.0,True
2025-09-01,Customer Experience,Anomaly_Count,6.0,5.353848777701865,1.9921626714363372,8.753322414390288,0,0.0,True
2025-10-01,Customer Experience,Anomaly_Count,4.0,5.70166668950187,2.801940191988012,8.948583626358044,0,0.0,True
2025-11-01,Customer Experience,Anomaly_Count,9.0,7.986496389395555,4.84649588464483,11.05503388610942,0,0.0,True
2025-12-01,Customer Experience,Anomaly_Count,8.0,8.095757823718163,5.115218790005316,11.341041222445115,0,0.0,True
2026-01-01,Customer Experience,Anomaly_Count,2.0,5.58140508589615,2.5601554072178967,8.641422790027706,1,9.2,True
2026-02-01,Customer Experience,Anomaly_Count,6.0,4.540391084607446,1.3229951772884017,7.588889949599451,0,0.0,True
2026-03-01,Customer Experience,Anomaly_Count,6.0,5.770643192850375,2.374698591942378,9.341947641592816,0,0.0,True
2026-04-01,Customer Experience,Anomaly_Count,5.0,6.265294677580148,3.3681257471484862,9.527123680736011,0,0.0,True
2026-05-01,Customer Experience,Anomaly_Count,7.0,4.895728905408237,1.357280810124662,8.141311521747818,0,0.0,True
2026-06-01,Customer Experience,Anomaly_Count,3.0,4.4825846519892725,1.3957588402660046,7.515819129104566,0,0.0,True
2026-07-01,Customer Experience,Anomaly_Count,8.0,5.580501709046467,2.520377787426314,8.826551147347576,0,0.0,True
2026-08-01,Customer Experience,Anomaly_Count,4.0,5.291104510058005,2.121160840698752,8.376455161049337,0,0.0,True
2026-09-01,Customer Experience,Anomaly_Count,4.0,3.55845301764068,0.527017589304002,6.583548571038721,0,0.0,True
2026-10-01,Customer Experience,Anomaly_Count,2.0,3.881773705303528,0.9155847523824534,7.073716201642257,0,0.0,True
2026-11-01,Customer Experience,Anomaly_Count,7.0,6.166936693427235,2.705885562387818,9.229503079063074,0,0.0,True
2026-12-01,Customer Experience,Anomaly_Count,8.0,6.304264939069348,3.1665743486831928,9.6013339319409,0,0.0,True
2027-01-01,Customer Experience,Anomaly_Count,6.0,3.796495017071054,0.7912464708132747,6.635250157176404,0,0.0,True
2027-02-01,Customer Experience,Anomaly_Count,2.0,2.7309730189188057,-0.4731788200575609,5.869121270889857,0,0.0,True
2027-03-01,Customer Experience,Anomaly_Count,2.0,3.953382971763494,1.0076621770160468,7.124390253681155,0,0.0,True
2027-04-01,Customer Experience,Anomaly_Count,0.0,4.466543633571878,1.2220274710158492,7.433995584735795,1,19.7,True
2027-05-01,Customer Experience,Anomaly_Count,3.0,3.102481104302462,0.0485805246014178,6.39623737256428,0,0.0,True
2027-06-01,Customer Experience,Anomaly_Count,3.0,2.67182009169556,-0.4355261520439012,5.859008975804786,0,0.0,True
2027-07-01,Customer Experience,Anomaly_Count,3.0,3.768270944626287,0.6337802870051619,6.967143269960559,0,0.0,True
2027-08-01,Customer Experience,Anomaly_Count,7.0,3.4982820643607546,0.2429788103217307,6.742580870533526,1,4.0,True
2027-09-01,Customer Experience,Anomaly_Count,3.0,1.763223193306824,-1.4439604756492883,4.889729767937956,0,0.0,True
2025-01-01,Customer Experience,Anomaly_Rate,0.023,0.0392101605687746,0.0155392515861457,0.0642982762292651,0,0.0,True
2025-02-01,Customer Experience,Anomaly_Rate,0.037,0.0284118454652618,0.0046422159819724,0.0533759834915353,0,0.0,True
2025-03-01,Customer Experience,Anomaly_Rate,0.052,0.0349907373914975,0.0111566230457225,0.0597761777926877,0,0.0,True
2025-04-01,Customer Experience,Anomaly_Rate,0.044,0.0393394860454207,0.0148568272041352,0.0634348188513405,0,0.0,True
2025-05-01,Customer Experience,Anomaly_Rate,0.046,0.0325265091327934,0.0082706679428537,0.0560524005085933,0,0.0,True
2025-06-01,Customer Experience,Anomaly_Rate,0.034,0.0331394153636094,0.0095172363737204,0.0578916599916335,0,0.0,True
2025-07-01,Customer Experience,Anomaly_Rate,0.029,0.0439370527536853,0.0198976972975043,0.0674819142609067,0,0.0,True
2025-08-01,Customer Experience,Anomaly_Rate,0.026,0.0431486524248397,0.0195705342300294,0.0689663738313266,0,0.0,True
2025-09-01,Customer Experience,Anomaly_Rate,0.035,0.0300786296528191,0.0061311485709554,0.0534222057935386,0,0.0,True
2025-10-01,Customer Experience,Anomaly_Rate,0.025,0.0323953038367009,0.0094764845899857,0.0556929756386009,0,0.0,True
2025-11-01,Customer Experience,Anomaly_Rate,0.057,0.0516368580454126,0.0274308725731249,0.076847474774864,0,0.0,True
2025-12-01,Customer Experience,Anomaly_Rate,0.051,0.0559964843077916,0.0333816671423706,0.0785017483977765,0,0.0,True
2026-01-01,Customer Experience,Anomaly_Rate,0.012,0.0380315174068838,0.0119560013588452,0.0627016974784051,0,0.0,True
2026-02-01,Customer Experience,Anomaly_Rate,0.041,0.0270685731892841,0.0028923207329791,0.0507817959635631,0,0.0,True
2026-03-01,Customer Experience,Anomaly_Rate,0.043,0.0335704137226662,0.0096927750992255,0.0589097165413381,0,0.0,True
2026-04-01,Customer Experience,Anomaly_Rate,0.034,0.0380249857724562,0.0126430612089347,0.0623466914781936,0,0.0,True
2026-05-01,Customer Experience,Anomaly_Rate,0.054,0.0312415908453594,0.006939284510145,0.0572442356044261,0,0.0,True
2026-06-01,Customer Experience,Anomaly_Rate,0.021,0.0317296692561117,0.0088340180766607,0.0560084272047063,0,0.0,True
2026-07-01,Customer Experience,Anomaly_Rate,0.062,0.0425254443205856,0.0183859562636407,0.0669276956619446,0,0.0,True
2026-08-01,Customer Experience,Anomaly_Rate,0.03,0.0418944472678808,0.0195907650381316,0.0656559895816049,0,0.0,True
2026-09-01,Customer Experience,Anomaly_Rate,0.031,0.0288154550186086,0.0040292687971579,0.0534705067412966,0,0.0,True
2026-10-01,Customer Experience,Anomaly_Rate,0.017,0.0309383796859692,0.0080808426425846,0.0543606000904248,0,0.0,True
2026-11-01,Customer Experience,Anomaly_Rate,0.057,0.0501590788176545,0.0256877685486284,0.0733075136218071,0,0.0,True
2026-12-01,Customer Experience,Anomaly_Rate,0.069,0.0547329253377273,0.0307595671815356,0.0779841201281398,0,0.0,True
2027-01-01,Customer Experience,Anomaly_Rate,0.056,0.0368534763732405,0.0131612426942426,0.0588351243695177,0,0.0,True
2027-02-01,Customer Experience,Anomaly_Rate,0.017,0.0257267560206476,0.0028457802768835,0.0488290032633513,0,0.0,True
2027-03-01,Customer Experience,Anomaly_Rate,0.02,0.0321498616053314,0.009340799952923,0.0569170127766865,0,0.0,True
2027-04-01,Customer Experience,Anomaly_Rate,0.0,0.0367095128485085,0.0113442841985912,0.0595378660424757,1,23.5,True
2027-05-01,Customer Experience,Anomaly_Rate,0.027,0.0299572773392187,0.0060910841818816,0.0570413376499601,0,0.0,True
2027-06-01,Customer Experience,Anomaly_Rate,0.028,0.0303208215161651,0.0071238209934783,0.0528227361637042,0,0.0,True
2027-07-01,Customer Experience,Anomaly_Rate,0.031,0.0411129097348484,0.0163852194430149,0.0648890313206315,0,0.0,True
2027-08-01,Customer Experience,Anomaly_Rate,0.074,0.0406392056255485,0.0153017834921412,0.0654999295571816,1,16.9,True
2027-09-01,Customer Experience,Anomaly_Rate,0.032,0.0275535002397048,0.0030632513216329,0.0516648510277689,0,0.0,True
2025-01-01,Customer Experience,Avg_CSAT_Score,3.886,3.855246896391967,3.7804354182639632,3.926011685001024,0,0.0,False
2025-02-01,Customer Experience,Avg_CSAT_Score,3.865,3.8544838982972913,3.783734230326089,3.93160803563846,0,0.0,False
2025-03-01,Customer Experience,Avg_CSAT_Score,3.776,3.819076689202525,3.744351410481236,3.891495412592148,0,0.0,False
2025-04-01,Customer Experience,Avg_CSAT_Score,3.847,3.850577886002149,3.776958833837415,3.92690086770718,0,0.0,False
2025-05-01,Customer Experience,Avg_CSAT_Score,3.86,3.908528339284851,3.838311149691958,3.977788493386022,0,0.0,False
2025-06-01,Customer Experience,Avg_CSAT_Score,3.85,3.893043652671442,3.8173873575939625,3.968687846413794,0,0.0,False
2025-07-01,Customer Experience,Avg_CSAT_Score,3.885,3.8592625564459775,3.7849531376826784,3.923678135111189,0,0.0,False
2025-08-01,Customer Experience,Avg_CSAT_Score,3.974,3.901979565892456,3.830417182306965,3.970156620494906,1,2.8,False
2025-09-01,Customer Experience,Avg_CSAT_Score,3.934,3.940283836650067,3.864002153286056,4.01019026324321,0,0.0,False
2025-10-01,Customer Experience,Avg_CSAT_Score,3.892,3.861890398941742,3.7898564052209727,3.9381120869850856,0,0.0,False
2025-11-01,Customer Experience,Avg_CSAT_Score,3.776,3.758006738881472,3.682822085927381,3.832098940371693,0,0.0,False
2025-12-01,Customer Experience,Avg_CSAT_Score,3.738,3.776317567036539,3.704622076522793,3.8573856785060703,0,0.0,False
2026-01-01,Customer Experience,Avg_CSAT_Score,3.897,3.855505690379808,3.77796371034932,3.930757380265053,0,0.0,False
2026-02-01,Customer Experience,Avg_CSAT_Score,3.935,3.85368285268053,3.779465164164124,3.9263942084775856,1,5.9,False
2026-03-01,Customer Experience,Avg_CSAT_Score,3.74,3.816402115146127,3.7433778692166233,3.8889639477876976,1,2.3,False
2026-04-01,Customer Experience,Avg_CSAT_Score,3.851,3.845407866697312,3.771728464723882,3.915344840184345,0,0.0,False
2026-05-01,Customer Experience,Avg_CSAT_Score,3.856,3.901891339851834,3.822892738435218,3.9750748385718255,0,0.0,False
2026-06-01,Customer Experience,Avg_CSAT_Score,3.856,3.885212582505946,3.8133789266125993,3.956171945369839,0,0.0,False
2026-07-01,Customer Experience,Avg_CSAT_Score,3.841,3.8493834273111354,3.777386639080943,3.922747894792656,0,0.0,False
2026-08-01,Customer Experience,Avg_CSAT_Score,3.886,3.889813289490918,3.815172571762096,3.961292468454494,0,0.0,False
2026-09-01,Customer Experience,Avg_CSAT_Score,3.951,3.927083782524344,3.851215606838255,4.002622017240833,0,0.0,False
2026-10-01,Customer Experience,Avg_CSAT_Score,3.805,3.84964222240773,3.778163699413533,3.926620430200912,0,0.0,False
2026-11-01,Customer Experience,Avg_CSAT_Score,3.813,3.74528721667466,3.668137139427045,3.8164963385985615,0,0.0,False
2026-12-01,Customer Experience,Avg_CSAT_Score,3.698,3.762656513286205,3.685240837865405,3.8307628152574753,0,0.0,False
2027-01-01,Customer Experience,Avg_CSAT_Score,3.811,3.842150508318232,3.771620843328237,3.9143115560897495,0,0.0,False
2027-02-01,Customer Experience,Avg_CSAT_Score,3.809,3.8412035039064896,3.7699731251296975,3.9082667429858313,0,0.0,False
2027-03-01,Customer Experience,Avg_CSAT_Score,3.81,3.80380284319359,3.72876818453036,3.874571974913299,0,0.0,False
2027-04-01,Customer Experience,Avg_CSAT_Score,3.909,3.832241461896297,3.766505269223007,3.901810520118514,1,5.3,False
2027-05-01,Customer Experience,Avg_CSAT_Score,3.974,3.889118955751818,3.816276382973448,3.961929362428729,1,8.3,False
2027-06-01,Customer Experience,Avg_CSAT_Score,3.915,3.873182535650018,3.79920975695839,3.949312183872311,0,0.0,False
2027-07-01,Customer Experience,Avg_CSAT_Score,3.832,3.836981263129123,3.7603459732650206,3.91392192509846,0,0.0,False
2027-08-01,Customer Experience,Avg_CSAT_Score,3.841,3.876841063658855,3.804933606731641,3.949587406581319,0,0.0,False
2027-09-01,Customer Experience,Avg_CSAT_Score,3.858,3.914791807476505,3.8424070300382063,3.993365014797822,0,0.0,False
2025-01-01,Customer Experience,Avg_NPS_Score,60.29,59.65977252858982,56.895319217872064,62.54644976965286,0,0.0,False
2025-02-01,Customer Experience,Avg_NPS_Score,58.775,58.80251170039632,55.83280429696578,61.642552812629006,0,0.0,False
2025-03-01,Customer Experience,Avg_NPS_Score,54.316,57.3165502673105,54.38225162488285,60.29133691681682,1,1.1,False
2025-04-01,Customer Experience,Avg_NPS_Score,59.261,58.37906256178661,55.31390631453452,61.431019176539735,0,0.0,False
2025-05-01,Customer Experience,Avg_NPS_Score,58.095,60.56004263873543,57.60975100218356,63.51704623520884,0,0.0,False
2025-06-01,Customer Experience,Avg_NPS_Score,60.113,60.53892389257001,57.69587926869132,63.663222246743466,0,0.0,False
2025-07-01,Customer Experience,Avg_NPS_Score,61.786,59.75428127402054,57.145093879439465,62.58022159287111,0,0.0,False
2025-08-01,Customer Experience,Avg_NPS_Score,62.412,61.051333143755606,58.06359199256274,64.07380778660884,0,0.0,False
2025-09-01,Customer Experience,Avg_NPS_Score,61.161,62.22160547168816,59.26449127071369,65.33862351118762,0,0.0,False
2025-10-01,Customer Experience,Avg_NPS_Score,61.105,60.2360410748446,57.48137352239959,63.38609068774488,0,0.0,False
2025-11-01,Customer Experience,Avg_NPS_Score,57.782,57.696137824545126,54.78389557074473,60.61927224143263,0,0.0,False
2025-12-01,Customer Experience,Avg_NPS_Score,60.634,58.45651607498674,55.65848954035577,61.569115032158486,0,0.0,False
2026-01-01,Customer Experience,Avg_NPS_Score,63.214,60.35415439504966,57.31755975415825,63.11845120187084,1,1.6,False
2026-02-01,Customer Experience,Avg_NPS_Score,62.107,59.517405145746366,56.47598024581157,62.50689200173015,0,0.0,False
2026-03-01,Customer Experience,Avg_NPS_Score,56.036,58.01861111542336,55.08819609067311,60.989887744094425,0,0.0,False
2026-04-01,Customer Experience,Avg_NPS_Score,59.05,59.05487585863237,56.01849167164118,61.91660644646845,0,0.0,False
2026-05-01,Customer Experience,Avg_NPS_Score,60.012,61.24192123797493,58.1991064863208,64.12848784825792,0,0.0,False
2026-06-01,Customer Experience,Avg_NPS_Score,59.743,61.23904052109772,58.16844471400128,64.331842828981,0,0.0,False
2026-07-01,Customer Experience,Avg_NPS_Score,60.088,60.44312841136179,57.37940109880686,63.23716714378994,0,0.0,False
2026-08-01,Customer Experience,Avg_NPS_Score,62.232,61.72260644907425,58.69959186690449,64.74811752788858,0,0.0,False
2026-09-01,Customer Experience,Avg_NPS_Score,62.762,62.910199404743366,59.94638412228522,66.01053302504772,0,0.0,False
2026-10-01,Customer Experience,Avg_NPS_Score,59.689,60.94577003148009,58.0581950069906,63.85638897497491,0,0.0,False
2026-11-01,Customer Experience,Avg_NPS_Score,60.039,58.38744854064935,55.37731218981206,61.37156643452129,0,0.0,False
2026-12-01,Customer Experience,Avg_NPS_Score,55.337,59.12013583173631,56.51310198429202,62.07279103225743,1,21.2,False
2027-01-01,Customer Experience,Avg_NPS_Score,57.442,61.02737464766422,58.18258561131286,63.98834229230134,1,12.8,False
2027-02-01,Customer Experience,Avg_NPS_Score,59.894,60.21336029845644,57.06092506093418,63.06577984361021,0,0.0,False
2027-03-01,Customer Experience,Avg_NPS_Score,60.6,58.7038685458123,55.66966539055861,61.85948630053375,0,0.0,False
2027-04-01,Customer Experience,Avg_NPS_Score,60.897,59.71581704680748,56.7846982046666,62.631949646440425,0,0.0,False
2027-05-01,Customer Experience,Avg_NPS_Score,64.969,61.91063944168875,58.933696647196605,64.78974717464823,1,3.1,False
2027-06-01,Customer Experience,Avg_NPS_Score,63.917,61.9281788378714,59.02815949760191,65.10841577704466,0,0.0,False
2027-07-01,Customer Experience,Avg_NPS_Score,58.915,61.12322882384555,58.00438830534248,64.24235119384898,0,0.0,False
2027-08-01,Customer Experience,Avg_NPS_Score,61.735,62.38701466925809,59.58452864406766,65.29350657352005,0,0.0,False
2027-09-01,Customer Experience,Avg_NPS_Score,63.824,63.59372579814779,60.47397575168794,66.32929376919589,0,0.0,False
2025-01-01,Customer Experience,Avg_Response_Time,45.775,52.83497076280774,46.554728475467066,59.140379265156106,1,6.2,False
2025-02-01,Customer Experience,Avg_Response_Time,51.817,47.37470789877151,41.27967676440951,53.44398282807909,0,0.0,False
2025-03-01,Customer Experience,Avg_Response_Time,50.813,48.806692359048576,42.6187216746703,55.0294364875913,0,0.0,False
2025-04-01,Customer Experience,Avg_Response_Time,50.865,48.78024291714976,42.58747986647058,54.92850290159814,0,0.0,False
2025-05-01,Customer Experience,Avg_Response_Time,46.961,46.1441956513411,39.722813862459326,52.436540664579205,0,0.0,False
2025-06-01,Customer Experience,Avg_Response_Time,50.789,48.21036071247369,41.94160072028637,54.475406808171,0,0.0,False
2025-07-01,Customer Experience,Avg_Response_Time,51.783,53.10121491470951,46.980976795039055,59.23719268817072,0,0.0,False
2025-08-01,Customer Experience,Avg_Response_Time,48.202,52.19665378233235,46.15181649917241,58.3930945788802,0,0.0,False
2025-09-01,Customer Experience,Avg_Response_Time,52.093,48.47580591878641,42.33073903952995,54.40926450645364,0,0.0,False
2025-10-01,Customer Experience,Avg_Response_Time,48.419,52.59472984480241,46.04701834308921,59.012765378345705,0,0.0,False
2025-11-01,Customer Experience,Avg_Response_Time,66.47,61.07653121911691,54.69335706092406,67.33005753688724,0,0.0,False
2025-12-01,Customer Experience,Avg_Response_Time,61.391,60.08141327089109,53.74115282009247,66.65300254037096,0,0.0,False
2026-01-01,Customer Experience,Avg_Response_Time,44.925,50.02547093266431,43.51799480732696,56.85575006467483,0,0.0,False
2026-02-01,Customer Experience,Avg_Response_Time,50.401,44.49157261734115,38.231170753171405,51.03805708025092,0,0.0,False
2026-03-01,Customer Experience,Avg_Response_Time,44.797,45.90013615880125,39.25320546554526,52.139185892884605,0,0.0,False
2026-04-01,Customer Experience,Avg_Response_Time,42.003,45.91101676185742,39.93215847546735,52.238123323525485,0,0.0,False
2026-05-01,Customer Experience,Avg_Response_Time,43.361,43.26629616557537,36.71436633584607,49.34324112731441,0,0.0,False
2026-06-01,Customer Experience,Avg_Response_Time,44.9,45.2802475591229,39.33577501523712,51.382405408267786,0,0.0,False
2026-07-01,Customer Experience,Avg_Response_Time,54.849,50.18706281219174,44.0591942353274,56.55336456590009,0,0.0,False
2026-08-01,Customer Experience,Avg_Response_Time,45.936,49.342130997464295,42.91966523475101,55.53409721465584,0,0.0,False
2026-09-01,Customer Experience,Avg_Response_Time,44.932,45.59346811620266,39.49518887593433,51.59399027338164,0,0.0,False
2026-10-01,Customer Experience,Avg_Response_Time,43.741,49.636611834128615,43.35936966526345,56.33483798985532,0,0.0,False
2026-11-01,Customer Experience,Avg_Response_Time,58.889,58.14368341798573,51.96434690605396,64.66649930410551,0,0.0,False
2026-12-01,Customer Experience,Avg_Response_Time,58.696,57.25157537554445,51.01411360609647,63.30493582088344,0,0.0,False
2027-01-01,Customer Experience,Avg_Response_Time,49.806,47.21661076703917,40.73219547151481,53.2825658008185,0,0.0,False
2027-02-01,Customer Experience,Avg_Response_Time,40.025,41.60933454819423,35.26082065614344,47.87235545057996,0,0.0,False
2027-03-01,Customer Experience,Avg_Response_Time,41.138,42.993857053265366,36.37180698961137,49.32110904152512,0,0.0,False
2027-04-01,Customer Experience,Avg_Response_Time,38.695,43.04205455718511,36.51081388730366,49.220022703561504,0,0.0,False
2027-05-01,Customer Experience,Avg_Response_Time,45.442,40.38937425045102,34.08603030709849,46.61784565633083,0,0.0,False
2027-06-01,Customer Experience,Avg_Response_Time,39.594,42.35107158525341,36.21259552955742,48.85162247308598,0,0.0,False
2027-07-01,Customer Experience,Avg_Response_Time,40.91,47.27319990683733,40.675822769818645,53.66670799895997,0,0.0,False
2027-08-01,Customer Experience,Avg_Response_Time,54.152,46.48820850094305,39.8318645193004,52.95545460010378,1,9.1,False
2027-09-01,Customer Experience,Avg_Response_Time,46.222,42.7127070030251,36.41171430867588,48.50662682688392,0,0.0,False
2025-01-01,Customer Experience,Avg_Severity_Score,49.824,51.272130405717256,46.32766120464935,56.203047286635865,0,0.0,True
2025-02-01,Customer Experience,Avg_Severity_Score,50.244,46.25940426962666,41.42779456583536,51.54202066033688,0,0.0,True
2025-03-01,Customer Experience,Avg_Severity_Score,48.956,48.96035353602746,44.01879001549938,53.80974520581273,0,0.0,True
2025-04-01,Customer Experience,Avg_Severity_Score,52.384,50.70622785393037,45.66577212890751,55.64249144498303,0,0.0,True
2025-05-01,Customer Experience,Avg_Severity_Score,48.228,47.492777786991496,42.59841058150504,52.62335888258725,0,0.0,True
2025-06-01,Customer Experience,Avg_Severity_Score,44.162,46.48111014247722,41.430163824314,51.45027860086746,0,0.0,True
2025-07-01,Customer Experience,Avg_Severity_Score,47.63,49.29776589053908,44.288343181477465,54.29631549613399,0,0.0,True
2025-08-01,Customer Experience,Avg_Severity_Score,48.013,48.87260123907463,44.00162072000446,53.780913600141645,0,0.0,True
2025-09-01,Customer Experience,Avg_Severity_Score,47.624,46.2075683407701,41.30918764525479,51.21419028236445,0,0.0,True
2025-10-01,Customer Experience,Avg_Severity_Score,46.829,50.56710609285432,45.580640800394704,55.58935227893831,0,0.0,True
2025-11-01,Customer Experience,Avg_Severity_Score,65.87,59.78383539201707,54.94052572485072,64.9725150288643,1,8.9,True
2025-12-01,Customer Experience,Avg_Severity_Score,62.668,60.39960203967652,55.25663095828031,65.64295450079926,0,0.0,True
2026-01-01,Customer Experience,Avg_Severity_Score,45.656,51.430058833378766,46.34282207200073,56.21883543693047,1,7.0,True
2026-02-01,Customer Experience,Avg_Severity_Score,51.897,46.341802190475896,41.45731413620847,51.5916201815676,1,3.0,True
2026-03-01,Customer Experience,Avg_Severity_Score,48.079,49.00962120687143,43.86810853354816,54.04850910466431,0,0.0,True
2026-04-01,Customer Experience,Avg_Severity_Score,43.514,50.80069320347075,45.91746486317524,55.88679263878801,1,24.1,True
2026-05-01,Customer Experience,Avg_Severity_Score,50.136,47.604342122754936,42.69477696039076,52.63358756750493,0,0.0,True
2026-06-01,Customer Experience,Avg_Severity_Score,47.06,46.54881067015173,41.416580094620045,51.53622505368581,0,0.0,True
2026-07-01,Customer Experience,Avg_Severity_Score,50.302,49.36179724019321,44.72450909737866,54.40186313152018,0,0.0,True
2026-08-01,Customer Experience,Avg_Severity_Score,48.027,48.98043403438762,43.841733182973634,53.508966387197326,0,0.0,True
2026-09-01,Customer Experience,Avg_Severity_Score,48.328,46.29316975573664,41.51034348279483,51.46980730852986,0,0.0,True
2026-10-01,Customer Experience,Avg_Severity_Score,45.072,50.580431160203545,45.53918920606672,55.90209424602063,1,4.5,True
2026-11-01,Customer Experience,Avg_Severity_Score,60.664,59.81465061854554,54.976605358694016,64.63180093070781,0,0.0,True
2026-12-01,Customer Experience,Avg_Severity_Score,59.339,60.53285209463758,55.63134793168718,65.41058578129869,0,0.0,True
2027-01-01,Customer Experience,Avg_Severity_Score,49.935,51.59490039937735,46.358575696743465,56.37909621783687,0,0.0,True
2027-02-01,Customer Experience,Avg_Severity_Score,47.66,46.43308626619762,41.384062927727626,51.349346711369456,0,0.0,True
2027-03-01,Customer Experience,Avg_Severity_Score,44.783,49.06870558000994,43.738405771155286,53.89581864961509,0,0.0,True
2027-04-01,Customer Experience,Avg_Severity_Score,54.526,50.90649243134238,46.231756067200855,56.17815725197704,0,0.0,True
2027-05-01,Customer Experience,Avg_Severity_Score,48.155,47.72963523685015,42.77008117286448,52.73306446551125,0,0.0,True
2027-06-01,Customer Experience,Avg_Severity_Score,48.052,46.632224178281255,41.707394483695865,52.02476281395728,0,0.0,True
2027-07-01,Customer Experience,Avg_Severity_Score,47.528,49.442142348244914,44.28372648646534,54.32006725855773,0,0.0,True
2027-08-01,Customer Experience,Avg_Severity_Score,51.781,49.10588276425382,43.97386474829064,53.971564737461,0,0.0,True
2027-09-01,Customer Experience,Avg_Severity_Score,47.988,46.3984175346022,41.09211082566745,51.49401950700389,0,0.0,True
2025-01-01,Customer Experience,Churn_Rate,0.047,0.0411711936463618,0.0143127972140634,0.0720743917455746,0,0.0,False
2025-02-01,Customer Experience,Churn_Rate,0.056,0.0507589797273108,0.0222934672948267,0.079041951602026,0,0.0,False
2025-03-01,Customer Experience,Churn_Rate,0.033,0.050661645267734,0.0248665975767911,0.0795211852917129,0,0.0,False
2025-04-01,Customer Experience,Churn_Rate,0.049,0.0373041965607273,0.010460298545898,0.0664956541261819,0,0.0,False
2025-05-01,Customer Experience,Churn_Rate,0.031,0.0299821461317115,0.0026445148249601,0.0563784951184625,0,0.0,False
2025-06-01,Customer Experience,Churn_Rate,0.034,0.0390105889420481,0.0119730778394209,0.0661893392963167,0,0.0,False
2025-07-01,Customer Experience,Churn_Rate,0.052,0.0476095097416219,0.0196954356630448,0.0739252098302743,0,0.0,False
2025-08-01,Customer Experience,Churn_Rate,0.053,0.0425551992946379,0.0157401716484589,0.070141661539023,0,0.0,False
2025-09-01,Customer Experience,Churn_Rate,0.069,0.0350334129114089,0.0074627151806465,0.0622354221923758,1,12.4,False
2025-10-01,Customer Experience,Churn_Rate,0.031,0.0365485428809293,0.008923412761183,0.0657463878518224,0,0.0,False
2025-11-01,Customer Experience,Churn_Rate,0.038,0.0392412447481467,0.0141597056805801,0.0681640948557609,0,0.0,False
2025-12-01,Customer Experience,Churn_Rate,0.044,0.0375189943235842,0.0117365737585475,0.0638478341675394,0,0.0,False
2026-01-01,Customer Experience,Churn_Rate,0.031,0.0409155631168187,0.0123058148312096,0.0684947210370601,0,0.0,False
2026-02-01,Customer Experience,Churn_Rate,0.054,0.0505132415992052,0.0233831822838166,0.0783929134897784,0,0.0,False
2026-03-01,Customer Experience,Churn_Rate,0.036,0.050539164196902,0.0238005473030925,0.0793534216668928,0,0.0,False
2026-04-01,Customer Experience,Churn_Rate,0.014,0.0372330581901208,0.0083432782729694,0.0657591169826359,0,0.0,False
2026-05-01,Customer Experience,Churn_Rate,0.016,0.0297835864603319,0.0015190098634146,0.0571009914020725,0,0.0,False
2026-06-01,Customer Experience,Churn_Rate,0.028,0.0387182469257167,0.0123282210303969,0.0664887659644334,0,0.0,False
2026-07-01,Customer Experience,Churn_Rate,0.039,0.0474046136132702,0.0216258739416683,0.0758418279763039,0,0.0,False
2026-08-01,Customer Experience,Churn_Rate,0.03,0.0424450237383222,0.0176713523487746,0.0678959784551802,0,0.0,False
2026-09-01,Customer Experience,Churn_Rate,0.038,0.0348706166411963,0.0088398965346446,0.0616029627884573,0,0.0,False
2026-10-01,Customer Experience,Churn_Rate,0.017,0.0363259436686479,0.0089037892597002,0.063667703879566,0,0.0,False
2026-11-01,Customer Experience,Churn_Rate,0.057,0.0390554970756268,0.0104082740279019,0.0664010382609781,0,0.0,False
2026-12-01,Customer Experience,Churn_Rate,0.034,0.0373411187994156,0.0092737631996286,0.066247382257487,0,0.0,False
2027-01-01,Customer Experience,Churn_Rate,0.019,0.0406604780937488,0.0153176752322671,0.0676348877687313,0,0.0,False
2027-02-01,Customer Experience,Churn_Rate,0.078,0.05026672632641,0.0236788647439466,0.0784696830784153,0,0.0,False
2027-03-01,Customer Experience,Churn_Rate,0.059,0.0504155765330315,0.0223350960466217,0.07879853546228,0,0.0,False
2027-04-01,Customer Experience,Churn_Rate,0.043,0.0371623699701616,0.009555030853382,0.0660874143385561,0,0.0,False
2027-05-01,Customer Experience,Churn_Rate,0.071,0.02958633554351,0.0039143210033739,0.0560199768198807,1,28.7,False
2027-06-01,Customer Experience,Churn_Rate,0.018,0.0384258652343478,0.0106216480999537,0.0669509783391217,0,0.0,False
2027-07-01,Customer Experience,Churn_Rate,0.082,0.0471986070295627,0.0195750238836486,0.072601463688735,1,17.7,False
2027-08-01,Customer Experience,Churn_Rate,0.021,0.0423346839435822,0.0181423014924502,0.0695699866792868,0,0.0,False
2027-09-01,Customer Experience,Churn_Rate,0.021,0.034708573389241,0.0074208851071382,0.0619591697465162,0,0.0,False
2025-01-01,Customer Experience,Total_Support_Tickets,698.0,755.0283122374359,628.481558797114,879.3722940017337,0,0.0,False
2025-02-01,Customer Experience,Total_Support_Tickets,726.0,628.5374424598633,501.7819990193595,750.1302757189585,0,0.0,False
2025-03-01,Customer Experience,Total_Support_Tickets,717.0,687.9234571995481,564.640129717206,807.8589029525698,0,0.0,False
2025-04-01,Customer Experience,Total_Support_Tickets,812.0,743.9585964887513,613.5961432623027,877.8816839461213,0,0.0,False
2025-05-01,Customer Experience,Total_Support_Tickets,694.0,672.8637652761057,551.0226660686545,793.6162730146755,0,0.0,False
2025-06-01,Customer Experience,Total_Support_Tickets,643.0,589.2053443626196,462.3258156367637,710.5212308543274,0,0.0,False
2025-07-01,Customer Experience,Total_Support_Tickets,496.0,568.1102992637377,444.469403879223,701.6947103079058,0,0.0,False
2025-08-01,Customer Experience,Total_Support_Tickets,549.0,536.6231687584489,414.4851262084245,655.069221537427,0,0.0,False
2025-09-01,Customer Experience,Total_Support_Tickets,546.0,531.1538141620749,411.1658652243032,650.1545729989974,0,0.0,False
2025-10-01,Customer Experience,Total_Support_Tickets,497.0,669.6012035911855,536.5257855742369,797.970718731475,1,15.1,False
2025-11-01,Customer Experience,Total_Support_Tickets,937.0,853.9181504620956,727.5976045049978,981.1623944468018,0,0.0,False
2025-12-01,Customer Experience,Total_Support_Tickets,966.0,821.3604989250441,697.113207837033,948.885207594377,1,6.8,False
2026-01-01,Customer Experience,Total_Support_Tickets,462.0,590.4349057596721,475.6920681822019,714.2798401599612,1,5.7,False
2026-02-01,Customer Experience,Total_Support_Tickets,514.0,462.1671200984114,343.41664132646065,591.4221329450193,0,0.0,False
2026-03-01,Customer Experience,Total_Support_Tickets,500.0,520.6685826409117,393.1673328525789,639.999679159919,0,0.0,False
2026-04-01,Customer Experience,Total_Support_Tickets,493.0,577.632694053945,455.0246435096408,701.1045498854261,0,0.0,False
2026-05-01,Customer Experience,Total_Support_Tickets,486.0,507.2835413184761,381.7022812609538,629.4736328243482,0,0.0,False
2026-06-01,Customer Experience,Total_Support_Tickets,453.0,423.146959913132,304.08866582562,546.8999079334727,0,0.0,False
2026-07-01,Customer Experience,Total_Support_Tickets,320.0,401.8048898066059,277.57257247525973,526.9448330134559,0,0.0,False
2026-08-01,Customer Experience,Total_Support_Tickets,326.0,370.54871411813417,250.5724139400298,504.6889310147089,0,0.0,False
2026-09-01,Customer Experience,Total_Support_Tickets,431.0,364.2703342331878,241.88821573460572,495.6125812510816,0,0.0,False
2026-10-01,Customer Experience,Total_Support_Tickets,388.0,501.53697038422456,375.0553728846008,626.2925859020943,0,0.0,False
2026-11-01,Customer Experience,Total_Support_Tickets,729.0,686.6957356814682,558.5888955558611,813.3147095014152,0,0.0,False
2026-12-01,Customer Experience,Total_Support_Tickets,649.0,656.3988207478731,528.6741524982713,779.9533212781281,0,0.0,False
2027-01-01,Customer Experience,Total_Support_Tickets,323.0,425.99738020853925,306.3216970901645,555.8557885278955,0,0.0,False
2027-02-01,Customer Experience,Total_Support_Tickets,374.0,295.99241217387214,169.77924398503305,412.8647301125853,0,0.0,False
2027-03-01,Customer Experience,Total_Support_Tickets,308.0,353.62364792622793,210.62946158021265,477.4303639200604,0,0.0,False
2027-04-01,Customer Experience,Total_Support_Tickets,358.0,411.5401885541443,289.53987722374325,525.9506657676513,0,0.0,False
2027-05-01,Customer Experience,Total_Support_Tickets,329.0,341.97886247414164,215.0936967704261,459.69001033410007,0,0.0,False
2027-06-01,Customer Experience,Total_Support_Tickets,337.0,257.4030235895834,129.87456890829012,385.70942704075645,0,0.0,False
2027-07-01,Customer Experience,Total_Support_Tickets,205.0,235.8198196345225,113.61233978401548,372.2024907522836,0,0.0,False
2027-08-01,Customer Experience,Total_Support_Tickets,251.0,204.8097773211959,75.53344931690049,327.4171297676307,0,0.0,False
2027-09-01,Customer Experience,Total_Support_Tickets,329.0,197.746139346971,74.78057272992066,318.12109451666703,1,4.5,False
2025-01-01,Financial,Anomaly_Count,4.0,1.44028742609579,-0.022153650488309,2.894193287214584,1,37.9,True
2025-02-01,Financial,Anomaly_Count,0.0,0.6655707297031428,-0.7967001336090462,2.152324689030641,0,0.0,True
2025-03-01,Financial,Anomaly_Count,0.0,0.1473756203213054,-1.3104367814062523,1.63975920617612,0,0.0,True
2025-04-01,Financial,Anomaly_Count,0.0,0.4521199045339008,-1.0074182117627548,1.9888661569874375,0,0.0,True
2025-05-01,Financial,Anomaly_Count,1.0,0.9646012562355266,-0.482478526289822,2.4135295486692447,0,0.0,True
2025-06-01,Financial,Anomaly_Count,1.0,0.9624061274532628,-0.4506455844744635,2.402605642848774,0,0.0,True
2025-07-01,Financial,Anomaly_Count,0.0,0.8438996577565903,-0.5930761220296656,2.219892045612056,0,0.0,True
2025-08-01,Financial,Anomaly_Count,1.0,1.095203585320634,-0.3485312409207175,2.6868301891501614,0,0.0,True
2025-09-01,Financial,Anomaly_Count,2.0,1.275195315174941,-0.1965477033773787,2.706620685612276,0,0.0,True
2025-10-01,Financial,Anomaly_Count,2.0,1.0902362965835832,-0.4426621970129622,2.6394506644468643,0,0.0,True
2025-11-01,Financial,Anomaly_Count,0.0,1.1214177620045132,-0.3264570242421983,2.6122471697810425,0,0.0,True
2025-12-01,Financial,Anomaly_Count,1.0,1.557818166964705,0.1793506212163783,2.9928218948261027,0,0.0,True
2026-01-01,Financial,Anomaly_Count,1.0,1.574520537320682,0.1129436302643878,3.1345540359595727,0,0.0,True
2026-02-01,Financial,Anomaly_Count,0.0,0.803148535427291,-0.6946095575537637,2.305609984329885,0,0.0,True
2026-03-01,Financial,Anomaly_Count,0.0,0.2791670235799539,-1.2076335281830797,1.7242261554789948,0,0.0,True
2026-04-01,Financial,Anomaly_Count,2.0,0.5777150404067478,-0.9095924861508904,1.9727094899984092,1,0.9,True
2026-05-01,Financial,Anomaly_Count,0.0,1.092711115520138,-0.3844332131791417,2.460987946780804,0,0.0,True
2026-06-01,Financial,Anomaly_Count,1.0,1.0945646030290697,-0.3632943289680542,2.498027510605589,0,0.0,True
2026-07-01,Financial,Anomaly_Count,2.0,0.973953725795878,-0.5316232599833594,2.524547668330582,0,0.0,True
2026-08-01,Financial,Anomaly_Count,0.0,1.2229937947845655,-0.319764034883994,2.7224389435568934,0,0.0,True
2026-09-01,Financial,Anomaly_Count,2.0,1.4060996687367218,-0.1278597745086395,2.8623604008094183,0,0.0,True
2026-10-01,Financial,Anomaly_Count,0.0,1.2224492373465357,-0.3149634265842627,2.695493389308434,0,0.0,True
2026-11-01,Financial,Anomaly_Count,2.0,1.2493692232605922,-0.2475265024745877,2.710980136236583,0,0.0,True
2026-12-01,Financial,Anomaly_Count,2.0,1.6850431748271544,0.3033375034404691,3.1377766376251404,0,0.0,True
2027-01-01,Financial,Anomaly_Count,1.0,1.708692054497881,0.1906614759070518,3.2125807727020312,0,0.0,True
2027-02-01,Financial,Anomaly_Count,1.0,0.9407443904354033,-0.5115920974889911,2.431966844334112,0,0.0,True
2027-03-01,Financial,Anomaly_Count,1.0,0.4110284481769606,-1.0730066537321337,1.9060359928597677,0,0.0,True
2027-04-01,Financial,Anomaly_Count,1.0,0.7033251430063018,-0.8647268971407482,2.3104163453018973,0,0.0,True
2027-05-01,Financial,Anomaly_Count,1.0,1.2207770630146189,-0.2784003646625194,2.680856821980372,0,0.0,True
2027-06-01,Financial,Anomaly_Count,1.0,1.2267149492874705,-0.3591309453039908,2.6147227272281586,0,0.0,True
2027-07-01,Financial,Anomaly_Count,3.0,1.104039975857218,-0.3513245956326101,2.630382367171372,1,12.4,True
2027-08-01,Financial,Anomaly_Count,0.0,1.350778629996186,-0.0853102402859757,2.893864678256436,0,0.0,True
2027-09-01,Financial,Anomaly_Count,2.0,1.536972359922392,-0.0141242112576162,3.104763266055959,0,0.0,True
2025-01-01,Financial,Anomaly_Rate,0.129,0.046033665203015,-0.0040771816265929,0.0937729023491312,1,36.0,True
2025-02-01,Financial,Anomaly_Rate,0.0,0.0214786339981619,-0.0261504894208651,0.0688221942151305,0,0.0,True
2025-03-01,Financial,Anomaly_Rate,0.0,0.0043913797148397,-0.0474734003524525,0.0514650540834041,0,0.0,True
2025-04-01,Financial,Anomaly_Rate,0.0,0.0142107812728876,-0.0351814758949632,0.0624362676192868,0,0.0,True
2025-05-01,Financial,Anomaly_Rate,0.032,0.0310366519587466,-0.0170277528406593,0.0797276905166851,0,0.0,True
2025-06-01,Financial,Anomaly_Rate,0.033,0.0305112594410807,-0.0165706011014145,0.0758635077011871,0,0.0,True
2025-07-01,Financial,Anomaly_Rate,0.0,0.0263548322986567,-0.0194585218845629,0.0767598562478353,0,0.0,True
2025-08-01,Financial,Anomaly_Rate,0.032,0.0358264528404993,-0.0098449623106542,0.0866636287094801,0,0.0,True
2025-09-01,Financial,Anomaly_Rate,0.067,0.0434377384752526,-0.0014720112613596,0.0901345002313872,0,0.0,True
2025-10-01,Financial,Anomaly_Rate,0.065,0.0371329633134981,-0.0132796526855773,0.084634324498864,0,0.0,True
2025-11-01,Financial,Anomaly_Rate,0.0,0.0362326768905213,-0.013524777519478,0.084841274904181,0,0.0,True
2025-12-01,Financial,Anomaly_Rate,0.032,0.0496622017284174,0.000998064068017,0.0997827448861485,0,0.0,True
2026-01-01,Financial,Anomaly_Rate,0.032,0.0511116546183807,0.0026047031316447,0.1006157621775834,0,0.0,True
2026-02-01,Financial,Anomaly_Rate,0.0,0.0266739681304064,-0.0200630845357486,0.0757783081461892,0,0.0,True
2026-03-01,Financial,Anomaly_Rate,0.0,0.0094018466815939,-0.0383007670462327,0.0571235897504086,0,0.0,True
2026-04-01,Financial,Anomaly_Rate,0.067,0.0190153568490915,-0.0258657918766329,0.0660557146950562,1,1.0,True
2026-05-01,Financial,Anomaly_Rate,0.0,0.035925037218046,-0.0100545043135095,0.0834976192496325,0,0.0,True
2026-06-01,Financial,Anomaly_Rate,0.033,0.0355363686254654,-0.0122140702761978,0.0828299618356475,0,0.0,True
2026-07-01,Financial,Anomaly_Rate,0.065,0.0313029346750858,-0.0187192615845768,0.0804934568483154,0,0.0,True
2026-08-01,Financial,Anomaly_Rate,0.0,0.0406878465353669,-0.0056466631407421,0.090086745419656,0,0.0,True
2026-09-01,Financial,Anomaly_Rate,0.067,0.0484084526060154,-0.0005234715866336,0.0960833401116009,0,0.0,True
2026-10-01,Financial,Anomaly_Rate,0.0,0.0421663216666464,-0.0048753148493875,0.0909951700401493,0,0.0,True
2026-11-01,Financial,Anomaly_Rate,0.067,0.0411295379449238,-0.0028026693448686,0.0893499073622625,0,0.0,True
2026-12-01,Financial,Anomaly_Rate,0.065,0.0545192177366863,0.0064586198701571,0.1016953701603872,0,0.0,True
2027-01-01,Financial,Anomaly_Rate,0.032,0.0561876128482505,0.00699637540357,0.1012895813522623,0,0.0,True
2027-02-01,Financial,Anomaly_Rate,0.036,0.0318698164001535,-0.022863531382561,0.0778659913246094,0,0.0,True
2027-03-01,Financial,Anomaly_Rate,0.032,0.0144146075640589,-0.0362146530736182,0.0612677520834493,0,0.0,True
2027-04-01,Financial,Anomaly_Rate,0.033,0.0238204444136883,-0.0270424838364124,0.0717294109928207,0,0.0,True
2027-05-01,Financial,Anomaly_Rate,0.032,0.0408119411171965,-0.0072279989484986,0.0870791986960815,0,0.0,True
2027-06-01,Financial,Anomaly_Rate,0.033,0.0405612162786901,-0.0079586013047282,0.0865246289128283,0,0.0,True
2027-07-01,Financial,Anomaly_Rate,0.097,0.0362522083658171,-0.0119931812703431,0.0822834678496123,1,15.6,True
2027-08-01,Financial,Anomaly_Rate,0.0,0.0455491079387394,-0.0025026842998583,0.0945816661597503,0,0.0,True
2027-09-01,Financial,Anomaly_Rate,0.074,0.0533779793510148,0.0068892901492881,0.1018321406495926,0,0.0,True
2025-01-01,Financial,Avg_Debt_to_Equity,1.825,1.7717456707455632,1.6731208064511216,1.8712150767721476,0,0.0,False
2025-02-01,Financial,Avg_Debt_to_Equity,1.831,1.7586926870324855,1.658057997337805,1.8683402701283491,0,0.0,False
2025-03-01,Financial,Avg_Debt_to_Equity,1.672,1.782095819349985,1.6744551285737066,1.8867458059826083,1,1.2,False
2025-04-01,Financial,Avg_Debt_to_Equity,1.855,1.8430118204440125,1.7493088361414006,1.941334358274508,0,0.0,False
2025-05-01,Financial,Avg_Debt_to_Equity,1.95,1.8545897383737808,1.7511166418385196,1.9545727846800292,0,0.0,False
2025-06-01,Financial,Avg_Debt_to_Equity,1.788,1.7776257566312668,1.675339639935027,1.8849567498903423,0,0.0,False
2025-07-01,Financial,Avg_Debt_to_Equity,1.603,1.7225697847331696,1.626464059984042,1.8186547837863891,1,12.2,False
2025-08-01,Financial,Avg_Debt_to_Equity,1.866,1.7826851087387536,1.68380480024564,1.8842631645565304,0,0.0,False
2025-09-01,Financial,Avg_Debt_to_Equity,1.813,1.8732457714691289,1.7750663421259667,1.9752919903274573,0,0.0,False
2025-10-01,Financial,Avg_Debt_to_Equity,1.787,1.8678096562164972,1.763323080034862,1.9652507064782028,0,0.0,False
2025-11-01,Financial,Avg_Debt_to_Equity,1.781,1.7742478106403097,1.6653480396714948,1.8744132901172268,0,0.0,False
2025-12-01,Financial,Avg_Debt_to_Equity,1.711,1.702900934003162,1.596456605856068,1.8126538986446288,0,0.0,False
2026-01-01,Financial,Avg_Debt_to_Equity,1.632,1.6770792554969605,1.576951144401499,1.7831165250066496,0,0.0,False
2026-02-01,Financial,Avg_Debt_to_Equity,1.697,1.6746484548120677,1.5667430240135591,1.7680981729955254,0,0.0,False
2026-03-01,Financial,Avg_Debt_to_Equity,1.823,1.7074395931578503,1.6123201407728094,1.8050506935821269,1,9.3,False
2026-04-01,Financial,Avg_Debt_to_Equity,1.726,1.779155790297467,1.678331438300329,1.878618433730913,0,0.0,False
2026-05-01,Financial,Avg_Debt_to_Equity,1.773,1.801950045889836,1.6984180288552653,1.903748864665467,0,0.0,False
2026-06-01,Financial,Avg_Debt_to_Equity,1.789,1.736255846365203,1.6329968185715813,1.8393277344377437,0,0.0,False
2026-07-01,Financial,Avg_Debt_to_Equity,1.646,1.6909434153622562,1.588174836376789,1.7938522045020504,0,0.0,False
2026-08-01,Financial,Avg_Debt_to_Equity,1.782,1.761032504667697,1.6613642808828506,1.8588146501800016,0,0.0,False
2026-09-01,Financial,Avg_Debt_to_Equity,1.829,1.8628562180690065,1.762967570179797,1.9615462351666044,0,0.0,False
2026-10-01,Financial,Avg_Debt_to_Equity,1.902,1.8584973635733888,1.7531359538367688,1.960975082328776,0,0.0,False
2026-11-01,Financial,Avg_Debt_to_Equity,1.78,1.7652600874890063,1.6634092715477564,1.866174417105309,0,0.0,False
2026-12-01,Financial,Avg_Debt_to_Equity,1.709,1.6935551402973683,1.5950195284884057,1.7966102070052226,0,0.0,False
2027-01-01,Financial,Avg_Debt_to_Equity,1.628,1.6675294772539233,1.5672341714607247,1.7648024245370495,0,0.0,False
2027-02-01,Financial,Avg_Debt_to_Equity,1.552,1.6649020129175864,1.5669959223448082,1.7650314377498064,1,7.6,False
2027-03-01,Financial,Avg_Debt_to_Equity,1.785,1.7208802510643315,1.6126879708642594,1.817523192140414,0,0.0,False
2027-04-01,Financial,Avg_Debt_to_Equity,1.802,1.818667149010468,1.717237627314543,1.9139613508916424,0,0.0,False
2027-05-01,Financial,Avg_Debt_to_Equity,1.778,1.8674586082137612,1.7641035032545087,1.9718742838788956,0,0.0,False
2027-06-01,Financial,Avg_Debt_to_Equity,1.885,1.828319830417058,1.7223610556710929,1.9247141140103403,0,0.0,False
2027-07-01,Financial,Avg_Debt_to_Equity,1.818,1.8075420638677409,1.6993389417702502,1.9132041276862888,0,0.0,False
2027-08-01,Financial,Avg_Debt_to_Equity,1.899,1.9028745951446555,1.8006232199885677,2.0060214380983106,0,0.0,False
2027-09-01,Financial,Avg_Debt_to_Equity,2.112,2.0312269771231226,1.9408510335677616,2.125868628481309,0,0.0,False
2025-01-01,Financial,Avg_Profit_Margin,0.565,0.52833211419422,0.481990691021008,0.5741351927762904,0,0.0,False
2025-02-01,Financial,Avg_Profit_Margin,0.475,0.4970944035198315,0.4509132025221077,0.5425829764080742,0,0.0,False
2025-03-01,Financial,Avg_Profit_Margin,0.524,0.4875730383601219,0.4471860004640132,0.5326046862169572,0,0.0,False
2025-04-01,Financial,Avg_Profit_Margin,0.48,0.4963049287970222,0.450778773211614,0.5417379213965783,0,0.0,False
2025-05-01,Financial,Avg_Profit_Margin,0.51,0.4993261241918589,0.4539295431921341,0.5439830641393975,0,0.0,False
2025-06-01,Financial,Avg_Profit_Margin,0.532,0.4956787294057839,0.4490409499742187,0.541916554935098,0,0.0,False
2025-07-01,Financial,Avg_Profit_Margin,0.474,0.5024751188016409,0.4569137998663676,0.5492308143941065,0,0.0,False
2025-08-01,Financial,Avg_Profit_Margin,0.469,0.5142911308366165,0.4709546771758192,0.5602985304899655,1,2.2,False
2025-09-01,Financial,Avg_Profit_Margin,0.556,0.5134212228949273,0.4649414750719178,0.5578761554630426,0,0.0,False
2025-10-01,Financial,Avg_Profit_Margin,0.483,0.5105559385821943,0.4612625887591599,0.5584442651295132,0,0.0,False
2025-11-01,Financial,Avg_Profit_Margin,0.517,0.5231098711332223,0.4774640706524072,0.571714801356599,0,0.0,False
2025-12-01,Financial,Avg_Profit_Margin,0.55,0.5334168552440897,0.4898051778761302,0.5804268228022946,0,0.0,False
2026-01-01,Financial,Avg_Profit_Margin,0.522,0.515470407183701,0.468253757391348,0.5617206672521762,0,0.0,False
2026-02-01,Financial,Avg_Profit_Margin,0.43,0.4847478017322707,0.4386294649655661,0.5288793689007745,1,9.6,False
2026-03-01,Financial,Avg_Profit_Margin,0.467,0.4755313095804314,0.4307077787412779,0.5181596795391933,0,0.0,False
2026-04-01,Financial,Avg_Profit_Margin,0.446,0.4847790838555108,0.4368061390506262,0.5334338294693927,0,0.0,False
2026-05-01,Financial,Avg_Profit_Margin,0.459,0.4884554448828995,0.4434681953946364,0.5305084642585841,0,0.0,False
2026-06-01,Financial,Avg_Profit_Margin,0.506,0.4853575407109897,0.439038170558647,0.5354433030908796,0,0.0,False
2026-07-01,Financial,Avg_Profit_Margin,0.543,0.492605861513215,0.4477847845642231,0.5404632349637684,1,2.7,False
2026-08-01,Financial,Avg_Profit_Margin,0.497,0.5050468038161244,0.4566558302566204,0.5530512660557342,0,0.0,False
2026-09-01,Financial,Avg_Profit_Margin,0.516,0.5048570350080567,0.4580599412843281,0.5518147749157446,0,0.0,False
2026-10-01,Financial,Avg_Profit_Margin,0.485,0.5024669195424625,0.459272606642564,0.5496996866076886,0,0.0,False
2026-11-01,Financial,Avg_Profit_Margin,0.533,0.5154878250673656,0.4652649884067055,0.5598120297137837,0,0.0,False
2026-12-01,Financial,Avg_Profit_Margin,0.501,0.5265040359518753,0.4804410895317986,0.5721283347361327,0,0.0,False
2027-01-01,Financial,Avg_Profit_Margin,0.511,0.5093722301168189,0.4654471036300884,0.5553621528311293,0,0.0,False
2027-02-01,Financial,Avg_Profit_Margin,0.468,0.4785971943766161,0.4348280075581681,0.5268614769972507,0,0.0,False
2027-03-01,Financial,Avg_Profit_Margin,0.521,0.4691703450446531,0.4193962107531993,0.5158473906526431,1,5.3,False
2027-04-01,Financial,Avg_Profit_Margin,0.514,0.4783616110273938,0.430017767339944,0.5247657566648528,0,0.0,False
2027-05-01,Financial,Avg_Profit_Margin,0.464,0.4821412339108557,0.4369806319219039,0.5272047383088523,0,0.0,False
2027-06-01,Financial,Avg_Profit_Margin,0.471,0.4790240699679298,0.431872634435733,0.5265330279101239,0,0.0,False
2027-07-01,Financial,Avg_Profit_Margin,0.455,0.4861666543054064,0.4409664439567232,0.5319892009027342,0,0.0,False
2027-08-01,Financial,Avg_Profit_Margin,0.507,0.4986552563351706,0.450707258071944,0.5425951148616757,0,0.0,False
2027-09-01,Financial,Avg_Profit_Margin,0.512,0.4985706884090521,0.4502485502089222,0.5422041409216286,0,0.0,False
2025-01-01,Financial,Avg_Severity_Score,58.581,53.805220117090975,44.57308038582446,63.5916788989876,0,0.0,True
2025-02-01,Financial,Avg_Severity_Score,48.161,49.36909355286627,39.12898112823909,59.16862628702432,0,0.0,True
2025-03-01,Financial,Avg_Severity_Score,49.981,49.429033709588346,40.24433030883991,58.35379631885245,0,0.0,True
2025-04-01,Financial,Avg_Severity_Score,53.807,51.69510617191289,42.26179423609768,60.57093525628132,0,0.0,True
2025-05-01,Financial,Avg_Severity_Score,59.987,50.601479088324666,40.90674238307637,59.87032994221973,1,0.6,True
2025-06-01,Financial,Avg_Severity_Score,33.16,48.21055123938852,38.759657208502766,57.66139884307128,1,29.6,True
2025-07-01,Financial,Avg_Severity_Score,43.735,49.61171181304471,39.77008158707631,59.123762910541714,0,0.0,True
2025-08-01,Financial,Avg_Severity_Score,46.445,52.19652109804359,42.82177463752876,61.57107462945786,0,0.0,True
2025-09-01,Financial,Avg_Severity_Score,53.52,50.94201002705733,41.63267508154384,59.98363022989736,0,0.0,True
2025-10-01,Financial,Avg_Severity_Score,55.119,49.30432728449966,39.73934814216199,58.85610513376672,0,0.0,True
2025-11-01,Financial,Avg_Severity_Score,53.03,52.1414689102812,43.25566138372521,61.646392361946205,0,0.0,True
2025-12-01,Financial,Avg_Severity_Score,59.106,55.24848460609175,46.20272410193559,64.49929488603877,0,0.0,True
2026-01-01,Financial,Avg_Severity_Score,59.213,52.76527220626444,44.14004922632134,62.4653233322811,0,0.0,True
2026-02-01,Financial,Avg_Severity_Score,42.989,48.31004214456659,38.82180296809286,57.48670151873422,0,0.0,True
2026-03-01,Financial,Avg_Severity_Score,56.977,48.33160564105382,39.15205558415395,57.44185978255413,0,0.0,True
2026-04-01,Financial,Avg_Severity_Score,45.033,50.6069138765784,41.28827660120685,59.84137211018902,0,0.0,True
2026-05-01,Financial,Avg_Severity_Score,44.119,49.54458437891812,40.16426652156377,59.21340504829232,0,0.0,True
2026-06-01,Financial,Avg_Severity_Score,54.773,47.13746475857151,38.1832556886845,57.49762909457485,0,0.0,True
2026-07-01,Financial,Avg_Severity_Score,50.135,48.50683427403936,39.42455098456539,57.84723998134932,0,0.0,True
2026-08-01,Financial,Avg_Severity_Score,48.845,51.10918822820988,42.04618129648928,60.08890248336524,0,0.0,True
2026-09-01,Financial,Avg_Severity_Score,47.003,49.88399181449961,41.35430393018723,59.23289229039117,0,0.0,True
2026-10-01,Financial,Avg_Severity_Score,50.148,48.22195129344546,38.72224255626978,57.90873680645733,0,0.0,True
2026-11-01,Financial,Avg_Severity_Score,43.447,51.02609854519134,42.20970629062003,60.3837255109608,0,0.0,True
2026-12-01,Financial,Avg_Severity_Score,52.729,54.162517743480535,45.09824302651214,63.90213145722007,0,0.0,True
2027-01-01,Financial,Avg_Severity_Score,43.797,51.72517454972653,42.25407581529302,61.289415696036656,0,0.0,True
2027-02-01,Financial,Avg_Severity_Score,45.514,47.251369005569074,38.80702048359406,56.63768856240423,0,0.0,True
2027-03-01,Financial,Avg_Severity_Score,47.923,47.23437236837771,37.96162831969183,56.49958129932796,0,0.0,True
2027-04-01,Financial,Avg_Severity_Score,44.343,49.51843439933159,40.36177217086426,58.97963468805529,0,0.0,True
2027-05-01,Financial,Avg_Severity_Score,51.494,48.48757455681276,39.718362409958566,57.20472238697358,0,0.0,True
2027-06-01,Financial,Avg_Severity_Score,48.223,46.0646936800583,36.84502403192191,55.77533722575866,0,0.0,True
2027-07-01,Financial,Avg_Severity_Score,54.2,47.40205903434768,37.61430558659289,56.913243661241616,0,0.0,True
2027-08-01,Financial,Avg_Severity_Score,59.452,50.02154044961669,40.90303638137112,59.70578358136486,0,0.0,True
2027-09-01,Financial,Avg_Severity_Score,43.763,48.825932463576166,38.61007645239864,57.6699558858951,0,0.0,True
2025-01-01,Financial,Total_Cash_Flow,82784.0,74434.98038437158,66308.23636437114,82929.60740334626,0,0.0,False
2025-02-01,Financial,Total_Cash_Flow,62711.0,67848.53681630554,59302.63772410079,77087.91663602163,0,0.0,False
2025-03-01,Financial,Total_Cash_Flow,70003.0,67881.31734230796,59913.59488617494,76183.40344408725,0,0.0,False
2025-04-01,Financial,Total_Cash_Flow,74629.0,73304.77602861672,65119.94003639996,81615.971300896,0,0.0,False
2025-05-01,Financial,Total_Cash_Flow,70605.0,74561.78179861639,65988.68319050946,83504.62963011052,0,0.0,False
2025-06-01,Financial,Total_Cash_Flow,67900.0,70043.69892628782,61407.28334227793,78756.18461104373,0,0.0,False
2025-07-01,Financial,Total_Cash_Flow,69879.0,67842.2659786427,59072.39197284964,76753.21889858022,0,0.0,False
2025-08-01,Financial,Total_Cash_Flow,61526.0,70559.17382841652,61733.998155681285,79258.97645419152,1,1.2,False
2025-09-01,Financial,Total_Cash_Flow,73467.0,73041.51736349755,64963.81099789666,81245.29314486576,0,0.0,False
2025-10-01,Financial,Total_Cash_Flow,77870.0,74186.4794466848,66085.44640763334,82462.38243608063,0,0.0,False
2025-11-01,Financial,Total_Cash_Flow,73106.0,77501.15321950994,69100.04887322414,85596.39746810308,0,0.0,False
2025-12-01,Financial,Total_Cash_Flow,76545.0,80008.22537285047,71747.5334404877,89102.07190579115,0,0.0,False
2026-01-01,Financial,Total_Cash_Flow,74431.0,75969.49734668162,68002.62116264537,84150.230081758,0,0.0,False
2026-02-01,Financial,Total_Cash_Flow,63859.0,69359.1927490948,60213.80912978979,78002.46261437051,0,0.0,False
2026-03-01,Financial,Total_Cash_Flow,72105.0,69327.15522526737,60131.39255610617,77871.98929374987,0,0.0,False
2026-04-01,Financial,Total_Cash_Flow,79117.0,74743.27132084672,66216.84227383722,83483.80988641594,0,0.0,False
2026-05-01,Financial,Total_Cash_Flow,79144.0,76059.15442893091,68237.61898238007,84758.38655934697,0,0.0,False
2026-06-01,Financial,Total_Cash_Flow,75835.0,71559.66966405776,63137.360212631625,79801.15729690208,0,0.0,False
2026-07-01,Financial,Total_Cash_Flow,73954.0,69314.11675183887,60811.37267525006,78045.1220335113,0,0.0,False
2026-08-01,Financial,Total_Cash_Flow,66307.0,72008.07558200651,63112.200048031234,80465.16699767814,0,0.0,False
2026-09-01,Financial,Total_Cash_Flow,77965.0,74508.55765685702,66247.90765656675,82936.36012473721,0,0.0,False
2026-10-01,Financial,Total_Cash_Flow,86968.0,75648.42428923359,67439.92950388434,84071.3209229022,1,17.4,False
2026-11-01,Financial,Total_Cash_Flow,70414.0,78944.78866657926,70436.41104920825,87310.7883916891,1,0.1,False
2026-12-01,Financial,Total_Cash_Flow,86546.0,81486.69135811453,73106.15256301928,89847.1830487253,0,0.0,False
2027-01-01,Financial,Total_Cash_Flow,79797.0,77503.12296072507,68941.55864830688,85844.3296367669,0,0.0,False
2027-02-01,Financial,Total_Cash_Flow,71070.0,70869.50833317642,62034.12857916645,79346.6255910357,0,0.0,False
2027-03-01,Financial,Total_Cash_Flow,68456.0,70772.38975905757,62393.34627308526,79329.41834752599,0,0.0,False
2027-04-01,Financial,Total_Cash_Flow,75412.0,76180.17622812773,67234.3548848452,85256.6822201245,0,0.0,False
2027-05-01,Financial,Total_Cash_Flow,75330.0,77554.61749594224,69013.95960377745,86630.99443372656,0,0.0,False
2027-06-01,Financial,Total_Cash_Flow,65415.0,73074.19046651032,65313.01572557203,81679.75013732942,0,0.0,False
2027-07-01,Financial,Total_Cash_Flow,74857.0,70784.57343179018,61956.89576385895,79578.41458522374,0,0.0,False
2027-08-01,Financial,Total_Cash_Flow,82241.0,73454.99000751131,64929.11724689287,81965.74007299804,1,1.6,False
2027-09-01,Financial,Total_Cash_Flow,66083.0,75973.38803352628,67575.53262515378,84502.08073210789,1,8.8,False
2025-01-01,Financial,Total_Expenditure,58800.0,59486.98074543829,50648.033308752245,68226.04893600548,0,0.0,False
2025-02-01,Financial,Total_Expenditure,66486.0,58171.33539274837,49665.50088554559,66697.9119102894,0,0.0,False
2025-03-01,Financial,Total_Expenditure,60752.0,58614.93691358442,49695.69045579373,67213.05826290279,0,0.0,False
2025-04-01,Financial,Total_Expenditure,56546.0,57808.48669819223,48617.48119538583,66000.77734280171,0,0.0,False
2025-05-01,Financial,Total_Expenditure,46502.0,57499.96994204496,49256.83684552242,66613.37082542079,1,15.9,False
2025-06-01,Financial,Total_Expenditure,48197.0,60644.60671808889,51856.270541030295,69674.48534187517,1,20.5,False
2025-07-01,Financial,Total_Expenditure,73731.0,63695.332532988585,54922.210298171805,72579.1856481549,1,6.5,False
2025-08-01,Financial,Total_Expenditure,54710.0,62382.35319438199,53752.386811588985,70608.30452491895,0,0.0,False
2025-09-01,Financial,Total_Expenditure,63203.0,60000.73310911048,51316.9967746486,68528.43538439284,0,0.0,False
2025-10-01,Financial,Total_Expenditure,65166.0,61858.8229118147,52870.77947775575,70582.40699476721,0,0.0,False
2025-11-01,Financial,Total_Expenditure,56558.0,65236.74027060826,56961.42571781823,73718.01057149575,1,2.4,False
2025-12-01,Financial,Total_Expenditure,64640.0,64273.859489019655,55766.72552938123,72879.58993489425,0,0.0,False
2026-01-01,Financial,Total_Expenditure,63383.0,60469.7410762991,51398.15221736249,68679.76650921612,0,0.0,False
2026-02-01,Financial,Total_Expenditure,54796.0,59126.47992956996,50351.53407376579,68235.12922724741,0,0.0,False
2026-03-01,Financial,Total_Expenditure,60026.0,59570.92869770162,50339.810772222736,67992.32170183495,0,0.0,False
2026-04-01,Financial,Total_Expenditure,63079.0,58775.565325209645,50155.61943717799,67825.59300528349,0,0.0,False
2026-05-01,Financial,Total_Expenditure,67500.0,58445.45319753943,49759.82161261188,67710.22549668429,0,0.0,False
2026-06-01,Financial,Total_Expenditure,66681.0,61566.2980040956,52365.26037127663,70523.01665710463,0,0.0,False
2026-07-01,Financial,Total_Expenditure,69271.0,64639.72401128907,56147.856922078594,74239.62003749044,0,0.0,False
2026-08-01,Financial,Total_Expenditure,62206.0,63358.946491920535,54921.22841372051,72750.96625860252,0,0.0,False
2026-09-01,Financial,Total_Expenditure,62011.0,60955.22090411007,51927.27779884664,69921.26711463218,0,0.0,False
2026-10-01,Financial,Total_Expenditure,65709.0,62776.23453094318,54011.04975868188,71360.16835812411,0,0.0,False
2026-11-01,Financial,Total_Expenditure,65567.0,66168.35033061581,57737.23439226627,74761.05607590733,0,0.0,False
2026-12-01,Financial,Total_Expenditure,69804.0,65243.56295251152,56743.73939868494,74535.74482069245,0,0.0,False
2027-01-01,Financial,Total_Expenditure,61371.0,61435.4127223004,52586.59052677152,70381.29199470227,0,0.0,False
2027-02-01,Financial,Total_Expenditure,50731.0,60062.57709697665,51728.49916992144,69379.72601822343,1,5.7,False
2027-03-01,Financial,Total_Expenditure,60849.0,60505.91204285233,51982.98516025839,69082.9353215308,0,0.0,False
2027-04-01,Financial,Total_Expenditure,57178.0,59719.8955516174,50533.50028626914,68316.07434848217,0,0.0,False
2027-05-01,Financial,Total_Expenditure,61869.0,59366.62020310537,50796.06161587568,68748.05554596052,0,0.0,False
2027-06-01,Financial,Total_Expenditure,63308.0,62461.51839479023,53645.56475653175,70734.14159989258,0,0.0,False
2027-07-01,Financial,Total_Expenditure,62620.0,65558.53924750416,57911.97849281812,73801.99344293914,0,0.0,False
2027-08-01,Financial,Total_Expenditure,62889.0,64311.52428639936,55790.47617174638,73234.35998812696,0,0.0,False
2027-09-01,Financial,Total_Expenditure,60049.0,61887.42675214075,52893.68283993181,69980.2268290517,0,0.0,False
2025-01-01,Financial,Total_Net_Income,75065.0,68354.57198584461,60340.89810589325,76372.52871099084,0,0.0,False
2025-02-01,Financial,Total_Net_Income,58244.0,64088.605378913,56508.13337742647,72193.82654995495,0,0.0,False
2025-03-01,Financial,Total_Net_Income,59827.0,61312.35221678644,53695.48458863092,69101.55120133205,0,0.0,False
2025-04-01,Financial,Total_Net_Income,56869.0,62039.657471704384,53990.207313146006,70261.13681140287,0,0.0,False
2025-05-01,Financial,Total_Net_Income,71205.0,64647.40893570689,57184.88124142683,72329.26162949506,0,0.0,False
2025-06-01,Financial,Total_Net_Income,59657.0,66027.42267702796,58202.63340950485,73553.52585059663,0,0.0,False
2025-07-01,Financial,Total_Net_Income,65255.0,65834.72455699784,58012.18372192964,73827.07570838193,0,0.0,False
2025-08-01,Financial,Total_Net_Income,64560.0,65513.69468007607,57256.90039662751,73416.10442670502,0,0.0,False
2025-09-01,Financial,Total_Net_Income,66441.0,65491.09643761693,57930.5163111331,73599.63684016356,0,0.0,False
2025-10-01,Financial,Total_Net_Income,67399.0,65893.3819021261,58541.318877199184,74249.0841046805,0,0.0,False
2025-11-01,Financial,Total_Net_Income,65342.0,67317.75509703626,59410.913091675626,75687.41918534563,0,0.0,False
2025-12-01,Financial,Total_Net_Income,64933.0,68586.12879620303,60619.71059722855,75858.76517856034,0,0.0,False
2026-01-01,Financial,Total_Net_Income,73798.0,67088.49847026587,59356.26482827667,75214.3089257561,0,0.0,False
2026-02-01,Financial,Total_Net_Income,54173.0,62830.89254237969,55150.75996972815,71112.31219011084,1,6.1,False
2026-03-01,Financial,Total_Net_Income,70472.0,60030.20333167899,51805.17480662058,67923.04391162674,1,15.8,False
2026-04-01,Financial,Total_Net_Income,56950.0,60727.62813983792,52439.314655202674,68537.8062203768,0,0.0,False
2026-05-01,Financial,Total_Net_Income,62109.0,63334.98252405263,55886.793411011495,71005.84770372366,0,0.0,False
2026-06-01,Financial,Total_Net_Income,66383.0,64731.53905965542,57136.91693915901,72411.02574524227,0,0.0,False
2026-07-01,Financial,Total_Net_Income,65154.0,64544.4898510994,56761.920280799706,72988.50317043507,0,0.0,False
2026-08-01,Financial,Total_Net_Income,70621.0,64220.07547303796,56352.92559264245,71789.12812994055,0,0.0,False
2026-09-01,Financial,Total_Net_Income,67791.0,64194.57236126494,56915.29920425658,72455.68640011469,0,0.0,False
2026-10-01,Financial,Total_Net_Income,65569.0,64589.773498217815,56727.38343713879,72520.45823016064,0,0.0,False
2026-11-01,Financial,Total_Net_Income,66055.0,66005.7333832269,58380.6979961279,74210.94182439723,0,0.0,False
2026-12-01,Financial,Total_Net_Income,68129.0,67284.94590281592,59727.2330928924,75528.48714428363,0,0.0,False
2027-01-01,Financial,Total_Net_Income,60820.0,65815.59258485677,57739.96990469991,73504.88865366072,0,0.0,False
2027-02-01,Financial,Total_Net_Income,64701.0,61565.63349450753,54030.04566718183,69324.27306600614,0,0.0,False
2027-03-01,Financial,Total_Net_Income,58914.0,58739.778897461474,50993.99684695657,66472.31337523075,0,0.0,False
2027-04-01,Financial,Total_Net_Income,63350.0,59406.14969093317,51616.212566838,67122.45402673291,0,0.0,False
2027-05-01,Financial,Total_Net_Income,60702.0,62011.87497721655,54314.16685850686,69688.22984202679,0,0.0,False
2027-06-01,Financial,Total_Net_Income,62271.0,63423.94549026671,55555.98727536271,71181.92283658178,0,0.0,False
2027-07-01,Financial,Total_Net_Income,70555.0,63243.44114887609,55294.67315611249,71607.4662847053,0,0.0,False
2027-08-01,Financial,Total_Net_Income,52049.0,62916.469633825385,55333.20826560222,70517.29559769074,1,21.6,False
2027-09-01,Financial,Total_Net_Income,59396.0,62888.870730589806,55063.17092333329,70983.46221515423,0,0.0,False
2025-01-01,Financial,Total_Revenue,85103.0,83561.15816322973,69613.09207441662,97570.205236798,0,0.0,False
2025-02-01,Financial,Total_Revenue,82350.0,84541.90484362128,71298.25982538468,98208.1200231978,0,0.0,False
2025-03-01,Financial,Total_Revenue,87633.0,82011.16794051908,68946.00838573593,95984.6539858266,0,0.0,False
2025-04-01,Financial,Total_Revenue,87438.0,80874.65978592446,66684.93666287574,95236.36548905814,0,0.0,False
2025-05-01,Financial,Total_Revenue,80445.0,82304.96938914884,68400.62719082618,96038.28416150084,0,0.0,False
2025-06-01,Financial,Total_Revenue,86995.0,80939.50559296785,66308.21349974786,95071.44771338713,0,0.0,False
2025-07-01,Financial,Total_Revenue,77158.0,76825.88487598274,62090.09258305076,90508.56925177516,0,0.0,False
2025-08-01,Financial,Total_Revenue,81671.0,76310.74297929303,61331.26789569158,89343.73985678934,0,0.0,False
2025-09-01,Financial,Total_Revenue,77324.0,80076.99846358555,66209.7881669645,95172.96959314676,0,0.0,False
2025-10-01,Financial,Total_Revenue,83060.0,81091.27397042031,67111.77813707993,94924.98910300103,0,0.0,False
2025-11-01,Financial,Total_Revenue,58566.0,78354.06338909159,65048.267254848,92628.64085077967,1,23.5,False
2025-12-01,Financial,Total_Revenue,76953.0,78294.18232744857,63139.17351247437,92203.90195049244,0,0.0,False
2026-01-01,Financial,Total_Revenue,72637.0,81975.11906357238,67913.52529257243,95272.84914713907,0,0.0,False
2026-02-01,Financial,Total_Revenue,73629.0,82996.67248366466,68962.62450833575,96777.7848089976,0,0.0,False
2026-03-01,Financial,Total_Revenue,83259.0,80476.31884113535,67690.20335651097,94305.41064582249,0,0.0,False
2026-04-01,Financial,Total_Revenue,78623.0,79309.57086380653,65681.51061556107,94656.44093541957,0,0.0,False
2026-05-01,Financial,Total_Revenue,80936.0,80739.09235189583,67189.09710212277,94809.6596577956,0,0.0,False
2026-06-01,Financial,Total_Revenue,89113.0,79411.18704271594,64815.928497721165,93131.2809501542,0,0.0,False
2026-07-01,Financial,Total_Revenue,59437.0,75295.65202283423,61947.55425532878,90161.22251173074,1,8.9,False
2026-08-01,Financial,Total_Revenue,69922.0,74732.5088506766,61042.13726832508,89037.61206564616,0,0.0,False
2026-09-01,Financial,Total_Revenue,81018.0,78490.8834803483,63777.84945302714,92074.17470094885,0,0.0,False
2026-10-01,Financial,Total_Revenue,94007.0,79546.18811375319,65136.03459050408,93137.0571222256,1,3.1,False
2026-11-01,Financial,Total_Revenue,77839.0,76816.12708374133,62036.946073770494,89963.09118030063,0,0.0,False
2026-12-01,Financial,Total_Revenue,87038.0,76716.22334385045,63181.57978323976,90982.5270456318,0,0.0,False
2027-01-01,Financial,Total_Revenue,97158.0,80389.75820309047,66719.57457753253,94386.47576380787,1,10.0,False
2027-02-01,Financial,Total_Revenue,69422.0,81451.95566155289,67707.58634860284,96040.04410245152,0,0.0,False
2027-03-01,Financial,Total_Revenue,92953.0,78942.3506984841,63853.91872703917,93029.21593233368,0,0.0,False
2027-04-01,Financial,Total_Revenue,64715.0,77745.37809791892,64232.84615751511,92280.2112673146,0,0.0,False
2027-05-01,Financial,Total_Revenue,73911.0,79173.59226344337,66171.86971324986,94179.60642482202,0,0.0,False
2027-06-01,Financial,Total_Revenue,73866.0,77883.14977974983,64189.916453393256,92015.64652947104,0,0.0,False
2027-07-01,Financial,Total_Revenue,80935.0,73766.15333205544,60465.52796921344,88455.35192538814,0,0.0,False
2027-08-01,Financial,Total_Revenue,77610.0,73154.98889347295,59099.41079828567,86829.05302013847,0,0.0,False
2027-09-01,Financial,Total_Revenue,68265.0,76904.84123346327,62718.61327116238,90372.15246923437,0,0.0,False
2025-01-01,Financial,Total_Transaction_Amount,79748.0,74175.16889366166,61604.18559452504,86584.75115557153,0,0.0,False
2025-02-01,Financial,Total_Transaction_Amount,61923.0,69263.60964498577,57073.586186418834,81256.36861212905,0,0.0,False
2025-03-01,Financial,Total_Transaction_Amount,69015.0,70120.4720178575,58497.345892667225,83624.57095301665,0,0.0,False
2025-04-01,Financial,Total_Transaction_Amount,79122.0,77206.27664021088,64422.538289789394,90195.49288483112,0,0.0,False
2025-05-01,Financial,Total_Transaction_Amount,74003.0,81028.42881871111,68167.08486620885,92835.40978339264,0,0.0,False
2025-06-01,Financial,Total_Transaction_Amount,80893.0,77207.55424969683,64550.86821467426,90281.58228326096,0,0.0,False
2025-07-01,Financial,Total_Transaction_Amount,79091.0,72239.89939863376,60421.35138767462,84776.7926422823,0,0.0,False
2025-08-01,Financial,Total_Transaction_Amount,65601.0,71315.21623364992,58569.08120807005,84005.64052557116,0,0.0,False
2025-09-01,Financial,Total_Transaction_Amount,79480.0,72340.43508595029,60483.89319390426,85337.75277081502,0,0.0,False
2025-10-01,Financial,Total_Transaction_Amount,75332.0,73398.11617449099,61291.20307853792,85910.75806316648,0,0.0,False
2025-11-01,Financial,Total_Transaction_Amount,69235.0,76427.00765641301,64116.78420553856,89850.08733161948,0,0.0,False
2025-12-01,Financial,Total_Transaction_Amount,76607.0,79272.86172963206,66821.01180088034,91614.9552718299,0,0.0,False
2026-01-01,Financial,Total_Transaction_Amount,83773.0,76977.45708348748,64791.53550952452,89516.22942750555,0,0.0,False
2026-02-01,Financial,Total_Transaction_Amount,59335.0,72049.22657591615,59751.37672287326,84448.624684263,1,1.7,False
2026-03-01,Financial,Total_Transaction_Amount,78523.0,72842.77548481402,59796.86056094808,84430.05470529747,0,0.0,False
2026-04-01,Financial,Total_Transaction_Amount,89631.0,79909.3483550813,67667.1173698216,92076.0631676226,0,0.0,False
2026-05-01,Financial,Total_Transaction_Amount,74876.0,83791.61947189347,70012.04896791698,95290.79407559668,0,0.0,False
2026-06-01,Financial,Total_Transaction_Amount,77328.0,80017.63278370298,67148.73369934833,92520.09910681348,0,0.0,False
2026-07-01,Financial,Total_Transaction_Amount,72941.0,75027.80307604087,62240.4384150624,87408.74408307961,0,0.0,False
2026-08-01,Financial,Total_Transaction_Amount,72029.0,74070.66420958342,61311.30888330313,86454.94699794838,0,0.0,False
2026-09-01,Financial,Total_Transaction_Amount,76600.0,75094.96019194857,62596.21581281406,87359.52607423428,0,0.0,False
2026-10-01,Financial,Total_Transaction_Amount,86766.0,76145.37395085495,64256.30974723558,88866.97465944795,0,0.0,False
2026-11-01,Financial,Total_Transaction_Amount,76017.0,79157.19575557369,66681.74535913917,92520.56545491792,0,0.0,False
2026-12-01,Financial,Total_Transaction_Amount,78274.0,82027.13025072138,68669.63344789481,92977.09897892932,0,0.0,False
2027-01-01,Financial,Total_Transaction_Amount,93698.0,79779.52426786225,66759.27197603784,92287.52663491874,1,5.5,False
2027-02-01,Financial,Total_Transaction_Amount,60844.0,74835.31231895786,62091.15618761488,87620.73221696276,1,4.9,False
2027-03-01,Financial,Total_Transaction_Amount,90924.0,75565.58572894167,63138.918127236735,88324.43627028634,1,10.3,False
2027-04-01,Financial,Total_Transaction_Amount,75303.0,82612.17249979945,71643.24310809845,94095.2339479218,0,0.0,False
2027-05-01,Financial,Total_Transaction_Amount,85792.0,86554.21165941366,74363.02719242513,99314.40173387049,0,0.0,False
2027-06-01,Financial,Total_Transaction_Amount,94140.0,82827.63617260635,70256.14764656204,96046.3800382814,0,0.0,False
2027-07-01,Financial,Total_Transaction_Amount,72225.0,77816.04085651564,64719.91318636559,90401.78700070118,0,0.0,False
2027-08-01,Financial,Total_Transaction_Amount,80897.0,76826.23044038106,63585.94653033085,88793.45550552284,0,0.0,False
2027-09-01,Financial,Total_Transaction_Amount,65735.0,77849.45448425077,65350.25945217985,90766.79957700036,0,0.0,False
2024-03-01,Project,Anomaly_Count,0.0,-0.3942879951346841,-1.6133609580317327,0.8962928975126031,0,0.0,True
2024-04-01,Project,Anomaly_Count,1.0,0.2545390938721209,-1.0205421248237083,1.5213623777666223,0,0.0,True
2024-05-01,Project,Anomaly_Count,0.0,0.3931615256758397,-0.8704119565015825,1.69681942425386,0,0.0,True
2024-06-01,Project,Anomaly_Count,0.0,-0.1010580282885242,-1.345364480087455,1.2446411614593236,0,0.0,True
2024-07-01,Project,Anomaly_Count,0.0,-0.1670241409520311,-1.4060439906667077,1.12038495462957,0,0.0,True
2024-08-01,Project,Anomaly_Count,0.0,0.3157094624197202,-1.0348289636033168,1.4751621756143851,0,0.0,True
2024-09-01,Project,Anomaly_Count,2.0,0.4386629865651011,-0.9170530396449856,1.6968543037336308,1,11.6,True
2024-10-01,Project,Anomaly_Count,0.0,0.2445702350108328,-1.0382943818034602,1.5157008781735064,0,0.0,True
2024-11-01,Project,Anomaly_Count,0.0,0.5529686413024832,-0.8311889614407625,1.6221436216347551,0,0.0,True
2024-12-01,Project,Anomaly_Count,0.0,1.0561869941565925,-0.2579767696014534,2.295827564289089,0,0.0,True
2025-01-01,Project,Anomaly_Count,0.0,0.7440848136445282,-0.5617466618763539,2.032218565930938,0,0.0,True
2025-02-01,Project,Anomaly_Count,0.0,-0.0640848418531763,-1.4393314348869322,1.265759028786453,0,0.0,True
2025-03-01,Project,Anomaly_Count,0.0,-0.1099640923564921,-1.3836805015612454,1.233159799255736,0,0.0,True
2025-04-01,Project,Anomaly_Count,0.0,0.5378375356974716,-0.7109966416661925,1.8522506296174168,0,0.0,True
2025-05-01,Project,Anomaly_Count,0.0,0.683594632046754,-0.5171697286398648,1.9272356587795796,0,0.0,True
2025-06-01,Project,Anomaly_Count,1.0,0.190473863083125,-1.1279915107798992,1.4627878454523466,0,0.0,True
2025-07-01,Project,Anomaly_Count,0.0,0.1183208171690859,-1.0715198233950745,1.4548630648043552,0,0.0,True
2025-08-01,Project,Anomaly_Count,0.0,0.6001411504996168,-0.7350528035133229,1.7867109203857177,0,0.0,True
2025-09-01,Project,Anomaly_Count,0.0,0.7280374065242242,-0.4804536193200948,1.9893842206144596,0,0.0,True
2025-10-01,Project,Anomaly_Count,1.0,0.5328965532612153,-0.6687170786432537,1.8260766274673517,0,0.0,True
2025-11-01,Project,Anomaly_Count,0.0,0.8360906225845185,-0.4694369389202283,2.077640887858492,0,0.0,True
2025-12-01,Project,Anomaly_Count,4.0,1.3423151976310106,0.1148046160117256,2.70332599852386,1,50.1,True
2026-01-01,Project,Anomaly_Count,1.0,1.0383130115255494,-0.2120826555999821,2.3570728226837536,0,0.0,True
2026-02-01,Project,Anomaly_Count,0.0,0.2284180929499057,-0.9867674422000184,1.4157494926677128,0,0.0,True
2026-03-01,Project,Anomaly_Count,0.0,0.1744184499889335,-1.0221080628190513,1.481828145379813,0,0.0,True
2026-04-01,Project,Anomaly_Count,1.0,0.8210938379387662,-0.437165858023758,2.0765567135665037,0,0.0,True
2024-03-01,Project,Anomaly_Rate,0.0,-0.05689079718314,-0.3271442890240683,0.1876023262346691,0,0.0,True
2024-04-01,Project,Anomaly_Rate,0.083,0.1212009533836722,-0.1314661781858099,0.3836706547924014,0,0.0,True
2024-05-01,Project,Anomaly_Rate,0.0,0.0759427887045204,-0.1875393068204494,0.3270377073024671,0,0.0,True
2024-06-01,Project,Anomaly_Rate,0.0,-0.0798108802313391,-0.3369468780004677,0.1800255554773265,0,0.0,True
2024-07-01,Project,Anomaly_Rate,0.0,-0.0948933081786444,-0.3443437839306919,0.1540537502723135,0,0.0,True
2024-08-01,Project,Anomaly_Rate,0.0,-0.0162088186559431,-0.2753674837190439,0.2428249138388409,0,0.0,True
2024-09-01,Project,Anomaly_Rate,0.087,-0.0284940743001283,-0.284411180367991,0.2374956648356636,0,0.0,True
2024-10-01,Project,Anomaly_Rate,0.0,-0.0762015977401786,-0.3527082076921902,0.1796231846880362,0,0.0,True
2024-11-01,Project,Anomaly_Rate,0.0,-0.0304894763152017,-0.2984886660933947,0.2103670787592474,0,0.0,True
2024-12-01,Project,Anomaly_Rate,0.0,0.012851253102853,-0.2472771963440555,0.262940592230574,0,0.0,True
2025-01-01,Project,Anomaly_Rate,0.0,-0.0566932386552679,-0.3295330538802141,0.2122746018960447,0,0.0,True
2025-02-01,Project,Anomaly_Rate,0.0,-0.0798247162376755,-0.3207113707876211,0.1770956748864179,0,0.0,True
2025-03-01,Project,Anomaly_Rate,0.0,0.0714361170063128,-0.1900370507138072,0.3322027893825017,0,0.0,True
2025-04-01,Project,Anomaly_Rate,0.0,0.2506867901666639,-0.0067650468450547,0.5229073047295443,0,0.0,True
2025-05-01,Project,Anomaly_Rate,0.0,0.2072830348517287,-0.0409782646689567,0.4431312148977334,0,0.0,True
2025-06-01,Project,Anomaly_Rate,0.077,0.0512090229065503,-0.1942624521331105,0.2993449719773245,0,0.0,True
2025-07-01,Project,Anomaly_Rate,0.0,0.0347155150591304,-0.2330424593799163,0.305875835455803,0,0.0,True
2025-08-01,Project,Anomaly_Rate,0.0,0.1135190017095399,-0.1332618916921833,0.3793515712208829,0,0.0,True
2025-09-01,Project,Anomaly_Rate,0.0,0.1021377954912192,-0.1549856959709509,0.3396930466211597,0,0.0,True
2025-10-01,Project,Anomaly_Rate,0.053,0.0540102449652791,-0.2195700185327089,0.3278510553005145,0,0.0,True
2025-11-01,Project,Anomaly_Rate,0.0,0.0990180234900741,-0.1476029519467298,0.3502874089919683,0,0.0,True
2025-12-01,Project,Anomaly_Rate,0.138,0.1430968845734698,-0.1158217537448467,0.4020502387957478,0,0.0,True
2026-01-01,Project,Anomaly_Rate,0.083,0.0741831375730473,-0.1836055643642009,0.3146816955228837,0,0.0,True
2026-02-01,Project,Anomaly_Rate,0.0,0.0496883776636422,-0.2030283947514676,0.3062872197954601,0,0.0,True
2026-03-01,Project,Anomaly_Rate,0.0,0.1997650328832377,-0.0646350214472698,0.4487327599004952,0,0.0,True
2026-04-01,Project,Anomaly_Rate,1.0,0.3801550951150348,0.1378546445944213,0.6395060604443334,1,71.9,True
2024-03-01,Project,Avg_Budget_Variance_Pct,0.952,-4.012842074891818,-39.64901517000606,33.541844891928775,0,0.0,False
2024-04-01,Project,Avg_Budget_Variance_Pct,3.906,5.802583259612302,-28.278056032428232,41.82664071667026,0,0.0,False
2024-05-01,Project,Avg_Budget_Variance_Pct,1.376,14.437907577812624,-22.91190358749429,52.56682241494287,0,0.0,False
2024-06-01,Project,Avg_Budget_Variance_Pct,2.65,19.517402649583147,-14.895960411452045,55.84200063235908,0,0.0,False
2024-07-01,Project,Avg_Budget_Variance_Pct,5.996,21.397588551978156,-13.990577403403854,56.41663945105798,0,0.0,False
2024-08-01,Project,Avg_Budget_Variance_Pct,4.975,19.994091114580712,-17.465279898684667,57.32953061863617,0,0.0,False
2024-09-01,Project,Avg_Budget_Variance_Pct,7.37,19.26184006077134,-15.205922107889856,54.71690928321726,0,0.0,False
2024-10-01,Project,Avg_Budget_Variance_Pct,3.708,23.269875896593543,-13.570797054657552,59.93305858707494,0,0.0,False
2024-11-01,Project,Avg_Budget_Variance_Pct,2.138,24.602400440538634,-13.071740352457375,61.51035995682593,0,0.0,False
2024-12-01,Project,Avg_Budget_Variance_Pct,-0.17,10.747181123830474,-24.462073124622083,47.41465630190142,0,0.0,False
2025-01-01,Project,Avg_Budget_Variance_Pct,0.836,-15.896937341957893,-51.81829577537382,20.93945187302526,0,0.0,False
2025-02-01,Project,Avg_Budget_Variance_Pct,-3.274,-34.9238342827408,-70.36634576928171,2.650323256970258,0,0.0,False
2025-03-01,Project,Avg_Budget_Variance_Pct,3.903,-35.62966326446703,-71.77512291724372,-1.3948575671710095,1,7.5,False
2025-04-01,Project,Avg_Budget_Variance_Pct,-0.57,-25.847796034035117,-62.12858723016309,8.713247023187696,0,0.0,False
2025-05-01,Project,Avg_Budget_Variance_Pct,1.966,-17.1815874970845,-51.71883828866292,16.757757644853786,0,0.0,False
2025-06-01,Project,Avg_Budget_Variance_Pct,7.423,-12.075340546667237,-49.3748887517869,25.358625968051463,0,0.0,False
2025-07-01,Project,Avg_Budget_Variance_Pct,0.742,-10.16920588921349,-44.60249244723757,25.62026313104989,0,0.0,False
2025-08-01,Project,Avg_Budget_Variance_Pct,2.784,-11.554756334686967,-47.7643633280107,24.583322473693062,0,0.0,False
2025-09-01,Project,Avg_Budget_Variance_Pct,3.964,-12.320377785237966,-50.78960491181508,23.56571233002238,0,0.0,False
2025-10-01,Project,Avg_Budget_Variance_Pct,10.637,-8.341230042155011,-45.08950554510738,26.67297196022292,0,0.0,False
2025-11-01,Project,Avg_Budget_Variance_Pct,5.078,-6.926896175378481,-37.65356475850768,29.200121509637228,0,0.0,False
2025-12-01,Project,Avg_Budget_Variance_Pct,8.157,-20.64060398219289,-57.74568451370813,14.500313504285566,0,0.0,False
2026-01-01,Project,Avg_Budget_Variance_Pct,-78.148,-47.256950476409,-82.35623784790451,-8.280761959853024,0,0.0,False
2026-02-01,Project,Avg_Budget_Variance_Pct,-97.364,-66.4213162492833,-103.61123579791332,-32.845283458518765,0,0.0,False
2026-03-01,Project,Avg_Budget_Variance_Pct,-100.0,-67.25757004282316,-105.35507135507764,-32.325551327522696,0,0.0,False
2026-04-01,Project,Avg_Budget_Variance_Pct,-95.485,-57.511510686381925,-91.5462537928402,-23.28619593670305,1,5.8,False
2024-03-01,Project,Avg_Percent_Complete,100.0,96.0884166463168,60.85073978184485,130.17885532213083,0,0.0,False
2024-04-01,Project,Avg_Percent_Complete,100.0,116.99331017023016,82.38295618109484,150.6618784705105,0,0.0,False
2024-05-01,Project,Avg_Percent_Complete,100.0,115.7191042282017,79.97691087902804,152.86557925715513,0,0.0,False
2024-06-01,Project,Avg_Percent_Complete,100.0,107.28220768853753,71.6469665891224,143.95348583173066,0,0.0,False
2024-07-01,Project,Avg_Percent_Complete,100.0,109.6055766088536,73.8606338250752,144.59250373857682,0,0.0,False
2024-08-01,Project,Avg_Percent_Complete,100.0,113.62839273396094,77.94230603382555,149.8654012552801,0,0.0,False
2024-09-01,Project,Avg_Percent_Complete,99.983,110.61859587625392,78.28511781118003,146.74028963080926,0,0.0,False
2024-10-01,Project,Avg_Percent_Complete,100.0,110.90988072003582,76.04045906804035,144.00059754996266,0,0.0,False
2024-11-01,Project,Avg_Percent_Complete,100.0,113.14840359924946,80.39469326757471,148.93369435171095,0,0.0,False
2024-12-01,Project,Avg_Percent_Complete,100.0,97.680330755379,63.93823802328133,130.50121264546314,0,0.0,False
2025-01-01,Project,Avg_Percent_Complete,100.0,66.55325800951059,33.22811854511984,100.2122264030588,0,0.0,False
2025-02-01,Project,Avg_Percent_Complete,100.0,55.20204020008996,17.28200880930823,92.09943855831396,1,10.6,False
2025-03-01,Project,Avg_Percent_Complete,100.0,72.84865828554729,37.363929275133984,107.06983089063388,0,0.0,False
2025-04-01,Project,Avg_Percent_Complete,100.0,93.88549631366752,58.765945778929904,130.33207693431456,0,0.0,False
2025-05-01,Project,Avg_Percent_Complete,100.0,92.77067729985752,60.38815132123482,127.30842476473804,0,0.0,False
2025-06-01,Project,Avg_Percent_Complete,92.523,84.28649223147917,50.38002904376176,117.82050096932711,0,0.0,False
2025-07-01,Project,Avg_Percent_Complete,100.0,86.53094106704229,49.298723406696176,119.7897579501254,0,0.0,False
2025-08-01,Project,Avg_Percent_Complete,100.0,90.60385578274524,57.97924367164685,125.17966174992527,0,0.0,False
2025-09-01,Project,Avg_Percent_Complete,100.0,87.6210634799226,53.68604041432329,120.61491433565816,0,0.0,False
2025-10-01,Project,Avg_Percent_Complete,100.0,87.8530524399052,53.07975173937918,122.02667323895813,0,0.0,False
2025-11-01,Project,Avg_Percent_Complete,100.0,90.1551716676802,54.67415791977598,124.02046186173706,0,0.0,False
2025-12-01,Project,Avg_Percent_Complete,78.262,74.87817748246697,40.70056606914517,112.30919401061534,0,0.0,False
2026-01-01,Project,Avg_Percent_Complete,1.367,43.7497323194432,7.913059964514204,78.41023255972307,1,9.3,False
2026-02-01,Project,Avg_Percent_Complete,2.591,32.12086597951974,-2.292816669524379,68.2418088636704,0,0.0,False
2026-03-01,Project,Avg_Percent_Complete,0.0,49.60898355950118,14.990346025607156,85.62648056898405,1,21.2,False
2026-04-01,Project,Avg_Percent_Complete,96.7,70.77585936269298,34.91297083626195,103.89630749446728,0,0.0,False
2024-03-01,Project,Avg_Severity_Score,22.92,35.23638765730093,13.02219516884224,58.931746424221714,0,0.0,True
2024-04-01,Project,Avg_Severity_Score,33.958,37.08979970710769,14.870955007961555,60.73313868832488,0,0.0,True
2024-05-01,Project,Avg_Severity_Score,44.871,39.11200275927099,15.725224635837172,62.876151900472586,0,0.0,True
2024-06-01,Project,Avg_Severity_Score,40.74,36.14320445298206,13.248044213032228,59.04894434272544,0,0.0,True
2024-07-01,Project,Avg_Severity_Score,44.012,29.139378022951615,5.617109139963007,50.20233197850123,0,0.0,True
2024-08-01,Project,Avg_Severity_Score,23.41,25.960043256121438,3.677444783020792,48.955556385138735,0,0.0,True
2024-09-01,Project,Avg_Severity_Score,49.422,31.008441050275003,7.429569276309452,54.74272022599709,0,0.0,True
2024-10-01,Project,Avg_Severity_Score,62.03,38.67445085499358,16.828720452786293,60.62383882419372,1,3.2,True
2024-11-01,Project,Avg_Severity_Score,61.242,44.34294509559058,21.242961306165483,66.25366018674096,0,0.0,True
2024-12-01,Project,Avg_Severity_Score,44.39,48.52840313024453,25.4739448013006,71.4366142422996,0,0.0,True
2025-01-01,Project,Avg_Severity_Score,42.068,52.61707241344715,29.53244216398801,75.16710902248047,0,0.0,True
2025-02-01,Project,Avg_Severity_Score,37.767,54.58591017329741,29.502646533432287,77.15451186100645,0,0.0,True
2025-03-01,Project,Avg_Severity_Score,44.571,54.93880591741438,31.318826067719197,78.46196227248558,0,0.0,True
2025-04-01,Project,Avg_Severity_Score,58.638,56.77555553224399,32.153983162807606,78.7573663363401,0,0.0,True
2025-05-01,Project,Avg_Severity_Score,38.93,58.81744617241253,35.199523237959795,82.65575987088432,0,0.0,True
2025-06-01,Project,Avg_Severity_Score,48.715,55.90087694910756,33.28092053407954,78.7042589558458,0,0.0,True
2025-07-01,Project,Avg_Severity_Score,51.817,48.90264399873562,25.74432569903037,71.88608776221854,0,0.0,True
2025-08-01,Project,Avg_Severity_Score,27.525,45.66050071247793,23.01531602968563,69.24305576027642,0,0.0,True
2025-09-01,Project,Avg_Severity_Score,44.162,50.6561958126501,27.84212836717999,73.00030037421344,0,0.0,True
2025-10-01,Project,Avg_Severity_Score,34.158,58.32817990288944,33.80993761714396,81.27735944531658,0,0.0,True
2025-11-01,Project,Avg_Severity_Score,44.877,64.01828501997322,41.96807837742755,85.6637371020998,0,0.0,True
2025-12-01,Project,Avg_Severity_Score,68.745,68.20591477200135,46.14176048283968,93.05710455814356,0,0.0,True
2026-01-01,Project,Avg_Severity_Score,90.95,72.30342148077679,48.469640132471646,95.18510976504432,0,0.0,True
2026-02-01,Project,Avg_Severity_Score,88.227,74.29467715234148,52.28285881299016,97.05537414740792,0,0.0,True
2026-03-01,Project,Avg_Severity_Score,87.05,74.64809610970455,53.58121989593101,96.67010385718896,0,0.0,True
2026-04-01,Project,Avg_Severity_Score,97.2,76.46887536745233,54.17590337497866,98.50836480371488,0,0.0,True
2024-03-01,Project,Delayed_Task_Rate,0.0,0.0430814071844788,-0.2567162000324511,0.3345897371607762,0,0.0,False
2024-04-01,Project,Delayed_Task_Rate,0.0,-0.1111044613902896,-0.4072112328762133,0.1776850788935647,0,0.0,False
2024-05-01,Project,Delayed_Task_Rate,0.0,-0.1294612657271699,-0.4324427779307845,0.1786543019763699,0,0.0,False
2024-06-01,Project,Delayed_Task_Rate,0.0,-0.0676942894747762,-0.3676937555248714,0.2302798846339151,0,0.0,False
2024-07-01,Project,Delayed_Task_Rate,0.0,-0.0649016824421649,-0.3597163164230671,0.2299508628644855,0,0.0,False
2024-08-01,Project,Delayed_Task_Rate,0.0,-0.1001773352944085,-0.410457547090465,0.2166163938278662,0,0.0,False
2024-09-01,Project,Delayed_Task_Rate,0.0,-0.0970971903288144,-0.412255784984502,0.2014479951864995,0,0.0,False
2024-10-01,Project,Delayed_Task_Rate,0.0,-0.0890251952374235,-0.4067560716966865,0.2203527824323203,0,0.0,False
2024-11-01,Project,Delayed_Task_Rate,0.0,-0.086540729752904,-0.3756916028774743,0.2148140068500669,0,0.0,False
2024-12-01,Project,Delayed_Task_Rate,0.0,0.0111166238216688,-0.2959412328300724,0.3204359768853939,0,0.0,False
2025-01-01,Project,Delayed_Task_Rate,0.0,0.2158363809054101,-0.102512190245352,0.5147230275658097,0,0.0,False
2025-02-01,Project,Delayed_Task_Rate,0.0,0.320660292465098,0.0234521171522884,0.6320033205985512,1,3.9,False
2025-03-01,Project,Delayed_Task_Rate,0.0,0.2269417348081362,-0.060804505583591,0.5488456022159656,0,0.0,False
2025-04-01,Project,Delayed_Task_Rate,0.0,0.0721980096124745,-0.2229784959338883,0.373089036371029,0,0.0,False
2025-05-01,Project,Delayed_Task_Rate,0.0,0.0526435050153292,-0.2289708636727891,0.3424210068288604,0,0.0,False
2025-06-01,Project,Delayed_Task_Rate,0.077,0.11443729681977,-0.1778975498541475,0.4273314603840168,0,0.0,False
2025-07-01,Project,Delayed_Task_Rate,0.0,0.1178581732231661,-0.1746140912728997,0.4184408884931467,0,0.0,False
2025-08-01,Project,Delayed_Task_Rate,0.0,0.0824867880080925,-0.2158654602141883,0.3853602645048846,0,0.0,False
2025-09-01,Project,Delayed_Task_Rate,0.0,0.0852611911204748,-0.2206990254741532,0.4020090230464574,0,0.0,False
2025-10-01,Project,Delayed_Task_Rate,0.0,0.0935145461855677,-0.201204025426506,0.3947657529200284,0,0.0,False
2025-11-01,Project,Delayed_Task_Rate,0.0,0.0956951924264918,-0.1983354112509773,0.3936328030691888,0,0.0,False
2025-12-01,Project,Delayed_Task_Rate,0.172,0.1922332931670134,-0.0936305672393669,0.4880415086109271,0,0.0,False
2026-01-01,Project,Delayed_Task_Rate,0.75,0.3967557880523447,0.1160810913018532,0.7055134210480373,1,7.5,False
2026-02-01,Project,Delayed_Task_Rate,0.545,0.503238844291565,0.2009892452844506,0.8052952709191431,0,0.0,False
2026-03-01,Project,Delayed_Task_Rate,1.0,0.4108071111243586,0.1148808393442086,0.7019024056711367,1,50.8,False
2026-04-01,Project,Delayed_Task_Rate,0.0,0.2555216065421674,-0.0309483743976247,0.5737579176028084,0,0.0,False
2024-03-01,Project,Total_Budget_Spent,215082.39,94102.17003963178,-401110.05104883976,550364.8703956892,0,0.0,False
2024-04-01,Project,Total_Budget_Spent,658511.12,302440.89679785795,-209431.4728350673,810867.5340767899,0,0.0,False
2024-05-01,Project,Total_Budget_Spent,135645.64,360845.1460388416,-187156.9485037211,884749.8072852226,0,0.0,False
2024-06-01,Project,Total_Budget_Spent,626009.51,269196.6817904109,-254348.25922512583,751600.790461546,0,0.0,False
2024-07-01,Project,Total_Budget_Spent,427252.38,334132.156502141,-192878.2594862352,839795.211099734,0,0.0,False
2024-08-01,Project,Total_Budget_Spent,446961.41,552467.3583161634,68907.26271568525,1061603.1839844894,0,0.0,False
2024-09-01,Project,Total_Budget_Spent,894624.89,677779.6433034549,192509.7118166367,1174708.7309324355,0,0.0,False
2024-10-01,Project,Total_Budget_Spent,439297.25,744201.9679205955,212110.1355657316,1220933.8262803792,0,0.0,False
2024-11-01,Project,Total_Budget_Spent,469375.12,888649.8928474878,412921.78386910097,1430279.4330190932,0,0.0,False
2024-12-01,Project,Total_Budget_Spent,460963.5,890443.4856639563,362684.6896304628,1375505.2965849368,0,0.0,False
2025-01-01,Project,Total_Budget_Spent,559588.63,520705.1926670736,-27146.789675856864,1004232.6701993216,0,0.0,False
2025-02-01,Project,Total_Budget_Spent,90509.61,92411.28717033082,-392037.99473228655,590212.152090403,0,0.0,False
2025-03-01,Project,Total_Budget_Spent,103661.06,43224.833135303285,-436482.2815057994,523478.9137882536,0,0.0,False
2025-04-01,Project,Total_Budget_Spent,137394.8,251179.8655248293,-226382.7175122676,742232.1287748491,0,0.0,False
2025-05-01,Project,Total_Budget_Spent,190097.32,311588.1448194888,-197088.01884202723,820771.6514855974,0,0.0,False
2025-06-01,Project,Total_Budget_Spent,232066.26,219861.08769713432,-314997.0392150768,710199.4684875837,0,0.0,False
2025-07-01,Project,Total_Budget_Spent,142227.92,282915.03977328795,-234603.18255382177,803554.6401446228,0,0.0,False
2025-08-01,Project,Total_Budget_Spent,285664.85,501093.2752661737,-16767.038769233062,1022575.2226244322,0,0.0,False
2025-09-01,Project,Total_Budget_Spent,773810.28,627522.2084768091,107670.74935380684,1165712.608736754,0,0.0,False
2025-10-01,Project,Total_Budget_Spent,995341.71,693579.1732217569,192300.19134549788,1210979.789064313,0,0.0,False
2025-11-01,Project,Total_Budget_Spent,779394.15,837797.5051637713,355644.6965462261,1350281.9707336023,0,0.0,False
2025-12-01,Project,Total_Budget_Spent,1908896.96,842135.8447091122,317001.85747570265,1363178.2943662074,1,52.2,False
2026-01-01,Project,Total_Budget_Spent,71301.59,474943.64360712445,46.054975244062405,938064.5099899124,0,0.0,False
2026-02-01,Project,Total_Budget_Spent,6337.45,44832.404432232026,-466158.809555709,556457.8028515024,0,0.0,False
2026-03-01,Project,Total_Budget_Spent,0.0,-7631.458400235919,-486636.5765965663,478737.0224528529,0,0.0,False
2026-04-01,Project,Total_Budget_Spent,556.11,199905.7570017484,-309294.67700709,684171.8863525859,0,0.0,False
2024-01-01,Workforce,Anomaly_Count,2.0,4.634471482990506,2.135061057303634,7.233348701264955,1,2.6,True
2024-02-01,Workforce,Anomaly_Count,10.0,7.211560694114947,4.606508960075294,9.665285852105647,1,6.6,True
2024-03-01,Workforce,Anomaly_Count,7.0,6.132643943705848,3.4706181556789413,8.520487121773293,0,0.0,True
2024-04-01,Workforce,Anomaly_Count,5.0,3.022617962251659,0.4505405783946918,5.426663185243895,0,0.0,True
2024-05-01,Workforce,Anomaly_Count,4.0,2.876620647356805,0.1810037144106746,5.386099738667995,0,0.0,True
2024-06-01,Workforce,Anomaly_Count,3.0,4.496281865528091,2.0596575207176597,7.210172532318023,0,0.0,True
2024-07-01,Workforce,Anomaly_Count,3.0,3.70223812151435,1.1623389708672045,6.081124242992476,0,0.0,True
2024-08-01,Workforce,Anomaly_Count,4.0,2.115793241609526,-0.3618125230028651,4.790991302610974,0,0.0,True
2024-09-01,Workforce,Anomaly_Count,4.0,3.832663848770877,1.4796246038732943,6.2856110673154255,0,0.0,True
2024-10-01,Workforce,Anomaly_Count,5.0,6.371066998518106,3.92169729308108,9.08142882250933,0,0.0,True
2024-11-01,Workforce,Anomaly_Count,5.0,5.456678721748969,2.844450538285424,7.736869891207773,0,0.0,True
2024-12-01,Workforce,Anomaly_Count,2.0,3.456618156959222,1.0895405719188485,5.973529326050765,0,0.0,True
2025-01-01,Workforce,Anomaly_Count,6.0,4.894555474676463,2.249960086619371,7.612755475113739,0,0.0,True
2025-02-01,Workforce,Anomaly_Count,6.0,7.422999602310632,5.061826348149839,9.95337112145724,0,0.0,True
2025-03-01,Workforce,Anomaly_Count,5.0,6.343954316932306,3.897225265888566,8.696177029585181,0,0.0,True
2025-04-01,Workforce,Anomaly_Count,1.0,3.226856243503585,0.5918451505193718,5.68490900183143,0,0.0,True
2025-05-01,Workforce,Anomaly_Count,2.0,3.051488353711969,0.4605303817197361,5.602027567642301,0,0.0,True
2025-06-01,Workforce,Anomaly_Count,7.0,4.677364698946987,2.091735074888865,7.040690859606419,0,0.0,True
2025-07-01,Workforce,Anomaly_Count,3.0,3.906000199018563,1.214275270650874,6.437256858540461,0,0.0,True
2025-08-01,Workforce,Anomaly_Count,2.0,2.3051060522214684,-0.0999950818403479,4.779379022175826,0,0.0,True
2025-09-01,Workforce,Anomaly_Count,3.0,3.9948723901066905,1.608099316046634,6.360117603841913,0,0.0,True
2025-10-01,Workforce,Anomaly_Count,8.0,6.548900269883399,4.035950100085171,9.16228960314736,0,0.0,True
2025-11-01,Workforce,Anomaly_Count,6.0,5.664345357552377,3.2683615628267426,8.362455305095299,0,0.0,True
2025-12-01,Workforce,Anomaly_Count,6.0,3.6498962031908224,1.163691409322453,6.261877349997027,0,0.0,True
2024-01-01,Workforce,Anomaly_Rate,0.013,0.0307896688593828,0.0107691317248943,0.0504877884065672,0,0.0,True
2024-02-01,Workforce,Anomaly_Rate,0.067,0.0504487009599514,0.0316865668714476,0.0709802507700761,0,0.0,True
2024-03-01,Workforce,Anomaly_Rate,0.048,0.0418246441730978,0.0235583740565017,0.0610994548299671,0,0.0,True
2024-04-01,Workforce,Anomaly_Rate,0.035,0.0186370549845376,-0.000421750128847,0.0384861181426629,0,0.0,True
2024-05-01,Workforce,Anomaly_Rate,0.028,0.0192716031766908,-4.5445337910999945e-05,0.039515364492211,0,0.0,True
2024-06-01,Workforce,Anomaly_Rate,0.021,0.0327630793752523,0.0132146126972643,0.0522093622806011,0,0.0,True
2024-07-01,Workforce,Anomaly_Rate,0.022,0.0260876867027728,0.0058406999856581,0.0462445798327477,0,0.0,True
2024-08-01,Workforce,Anomaly_Rate,0.029,0.0133118290014093,-0.0060057340359266,0.0337569281349208,0,0.0,True
2024-09-01,Workforce,Anomaly_Rate,0.03,0.0274505846317615,0.0083968621557798,0.0461552648650424,0,0.0,True
2024-10-01,Workforce,Anomaly_Rate,0.037,0.0485653821092774,0.0299280134409994,0.0685425021049218,0,0.0,True
2024-11-01,Workforce,Anomaly_Rate,0.038,0.0426233909828511,0.0229278527097123,0.0627289616665174,0,0.0,True
2024-12-01,Workforce,Anomaly_Rate,0.016,0.0278167235199515,0.0100119906652454,0.0472160754209071,0,0.0,True
2025-01-01,Workforce,Anomaly_Rate,0.048,0.0392599022847652,0.0209579329366289,0.0579329772404157,0,0.0,True
2025-02-01,Workforce,Anomaly_Rate,0.049,0.0585300267711589,0.0392971691043973,0.0784509879023481,0,0.0,True
2025-03-01,Workforce,Anomaly_Rate,0.042,0.0499158756108099,0.0309373449045816,0.0700899977698722,0,0.0,True
2025-04-01,Workforce,Anomaly_Rate,0.009,0.0266612114354374,0.0069898883530277,0.0452358351244785,0,0.0,True
2025-05-01,Workforce,Anomaly_Rate,0.017,0.0270669952070028,0.0076942989747697,0.0471936480841882,0,0.0,True
2025-06-01,Workforce,Anomaly_Rate,0.06,0.040619102005588,0.0217464188968095,0.0595544266946847,1,1.2,True
2025-07-01,Workforce,Anomaly_Rate,0.026,0.0341263886488201,0.0142940177556223,0.0556974711323904,0,0.0,True
2025-08-01,Workforce,Anomaly_Rate,0.017,0.0212301612124572,0.0014909381855152,0.0410191357702176,0,0.0,True
2025-09-01,Workforce,Anomaly_Rate,0.026,0.0351482214916376,0.0147803712725442,0.055020760240907,0,0.0,True
2025-10-01,Workforce,Anomaly_Rate,0.07,0.0563833433089428,0.0360260690122291,0.0759977443535819,0,0.0,True
2025-11-01,Workforce,Anomaly_Rate,0.053,0.0506762251851609,0.0321934531069782,0.070581120294083,0,0.0,True
2025-12-01,Workforce,Anomaly_Rate,0.054,0.03576023664507,0.0164110549416618,0.0556038347433271,0,0.0,True
2024-01-01,Workforce,Avg_Attendance_Rate,84.877,85.47965202685873,84.0356152357947,86.89489759856718,0,0.0,False
2024-02-01,Workforce,Avg_Attendance_Rate,90.627,89.0896625234307,87.67543151843877,90.65716742431226,0,0.0,False
2024-03-01,Workforce,Avg_Attendance_Rate,91.362,91.8257092661886,90.39755212146903,93.35572216176682,0,0.0,False
2024-04-01,Workforce,Avg_Attendance_Rate,90.705,91.369960079799,89.98220648471157,92.9282075747996,0,0.0,False
2024-05-01,Workforce,Avg_Attendance_Rate,91.231,90.5007386313258,89.03450767713798,91.9880142739092,0,0.0,False
2024-06-01,Workforce,Avg_Attendance_Rate,91.539,91.33099127803554,89.86381119667234,92.78885463884798,0,0.0,False
2024-07-01,Workforce,Avg_Attendance_Rate,90.588,91.75350872415238,90.27283303279336,93.12582147305044,0,0.0,False
2024-08-01,Workforce,Avg_Attendance_Rate,91.602,90.84551609597628,89.37768241195734,92.36080842497252,0,0.0,False
2024-09-01,Workforce,Avg_Attendance_Rate,90.734,90.86843842212332,89.43159912138151,92.30205122642724,0,0.0,False
2024-10-01,Workforce,Avg_Attendance_Rate,90.789,91.58016288731304,90.0513091011243,93.1035618501502,0,0.0,False
2024-11-01,Workforce,Avg_Attendance_Rate,90.669,89.78357022495899,88.41590145875466,91.244239959838,0,0.0,False
2024-12-01,Workforce,Avg_Attendance_Rate,85.966,86.19733264918705,84.73514358415834,87.62528499647229,0,0.0,False
2025-01-01,Workforce,Avg_Attendance_Rate,84.952,85.6874022586502,84.1699513142943,87.10814063766676,0,0.0,False
2025-02-01,Workforce,Avg_Attendance_Rate,90.393,89.39612300489834,87.9198303786844,90.94025850716804,0,0.0,False
2025-03-01,Workforce,Avg_Attendance_Rate,91.169,92.0638270598219,90.55143585568908,93.46530203253882,0,0.0,False
2025-04-01,Workforce,Avg_Attendance_Rate,91.532,91.67827924102596,90.20656719721428,93.17612323028858,0,0.0,False
2025-05-01,Workforce,Avg_Attendance_Rate,91.703,90.84530718314744,89.38683028476666,92.40593495455902,0,0.0,False
2025-06-01,Workforce,Avg_Attendance_Rate,91.1,91.71598232095045,90.21939026128923,93.22737864667788,0,0.0,False
2025-07-01,Workforce,Avg_Attendance_Rate,92.095,92.19886809223355,90.75794252386092,93.68204759170472,0,0.0,False
2025-08-01,Workforce,Avg_Attendance_Rate,92.103,91.34338854727469,89.92204111674604,92.83967767826014,0,0.0,False
2025-09-01,Workforce,Avg_Attendance_Rate,91.729,91.4019730031766,89.96228762933136,92.86270085505689,0,0.0,False
2025-10-01,Workforce,Avg_Attendance_Rate,90.603,92.16887173680972,90.78223827437596,93.6131824448622,1,6.3,False
2025-11-01,Workforce,Avg_Attendance_Rate,92.449,90.4024209246234,88.95313855646089,91.82794038422688,1,21.6,False
2025-12-01,Workforce,Avg_Attendance_Rate,85.824,86.81457737483454,85.34311728468326,88.2271382291825,0,0.0,False
2024-01-01,Workforce,Avg_Engagement_Score,66.848,66.81394183814339,65.7687331264602,67.86697064015526,0,0.0,False
2024-02-01,Workforce,Avg_Engagement_Score,66.872,67.00774770125079,65.94312115120867,68.02114902133907,0,0.0,False
2024-03-01,Workforce,Avg_Engagement_Score,66.955,67.20673056122565,66.10332956717326,68.21764863217604,0,0.0,False
2024-04-01,Workforce,Avg_Engagement_Score,68.037,67.59849451505892,66.5858776395462,68.58362601432427,0,0.0,False
2024-05-01,Workforce,Avg_Engagement_Score,67.465,67.85770553549548,66.84898462694966,68.94267874570934,0,0.0,False
2024-06-01,Workforce,Avg_Engagement_Score,68.653,67.90710002542335,66.88724791061752,68.8715225094677,0,0.0,False
2024-07-01,Workforce,Avg_Engagement_Score,67.807,68.03055511888005,67.02824334948367,69.04237507705523,0,0.0,False
2024-08-01,Workforce,Avg_Engagement_Score,67.121,68.21994121894357,67.16408398298564,69.27258280515807,1,2.0,False
2024-09-01,Workforce,Avg_Engagement_Score,68.508,68.08624290516073,66.99267869567029,69.14458425376291,0,0.0,False
2024-10-01,Workforce,Avg_Engagement_Score,67.722,67.7494699027391,66.73866492759467,68.80426164263059,0,0.0,False
2024-11-01,Workforce,Avg_Engagement_Score,68.589,67.5888007246119,66.53073006160805,68.59412177904876,0,0.0,False
2024-12-01,Workforce,Avg_Engagement_Score,67.289,67.92982637570776,66.91637342007216,68.970367191207,0,0.0,False
2025-01-01,Workforce,Avg_Engagement_Score,68.578,68.22784897358638,67.1398616936137,69.18967514661,0,0.0,False
2025-02-01,Workforce,Avg_Engagement_Score,68.024,68.20424964256321,67.1016224987983,69.2520107766179,0,0.0,False
2025-03-01,Workforce,Avg_Engagement_Score,68.073,68.20534611676351,67.1957541441692,69.31807241462498,0,0.0,False
2025-04-01,Workforce,Avg_Engagement_Score,69.317,68.38296517634033,67.3687565047663,69.35782691165564,0,0.0,False
2025-05-01,Workforce,Avg_Engagement_Score,66.971,68.43757562521164,67.46489590161039,69.4288957825854,1,25.1,False
2025-06-01,Workforce,Avg_Engagement_Score,68.997,68.27407218844881,67.2791863895278,69.25748424007956,0,0.0,False
2025-07-01,Workforce,Avg_Engagement_Score,67.912,68.18942488461944,67.13176858228073,69.17394015827065,0,0.0,False
2025-08-01,Workforce,Avg_Engagement_Score,68.878,68.16439899139377,67.0590658773224,69.2398216847893,0,0.0,False
2025-09-01,Workforce,Avg_Engagement_Score,68.042,67.81852536496758,66.80122687347595,68.90569802869042,0,0.0,False
2025-10-01,Workforce,Avg_Engagement_Score,66.95,67.27257467660519,66.26140232088117,68.31217351613478,0,0.0,False
2025-11-01,Workforce,Avg_Engagement_Score,66.147,67.1040916328063,65.97679170687158,68.11767219463749,0,0.0,False
2025-12-01,Workforce,Avg_Engagement_Score,67.963,67.44017536217163,66.42006625353905,68.4080769043979,0,0.0,False
2024-01-01,Workforce,Avg_Overtime_Hours,6.238,7.501807460278087,5.63199130811443,9.339233960331384,0,0.0,False
2024-02-01,Workforce,Avg_Overtime_Hours,7.705,6.140231795758895,4.208166170059696,8.046182477993709,0,0.0,False
2024-03-01,Workforce,Avg_Overtime_Hours,7.293,6.837486054392565,4.77532368775092,8.607042330938928,0,0.0,False
2024-04-01,Workforce,Avg_Overtime_Hours,6.374,6.441765845568429,4.6937382638741525,8.249019654292997,0,0.0,False
2024-05-01,Workforce,Avg_Overtime_Hours,7.075,5.964292880205726,4.10490450880064,7.808366989543323,0,0.0,False
2024-06-01,Workforce,Avg_Overtime_Hours,6.111,6.743958058777993,4.952712230447402,8.632431728274835,0,0.0,False
2024-07-01,Workforce,Avg_Overtime_Hours,5.865,6.643709279844938,4.847438021735298,8.572162862268696,0,0.0,False
2024-08-01,Workforce,Avg_Overtime_Hours,6.058,5.364288936209292,3.6300527225314254,7.315486570922152,0,0.0,False
2024-09-01,Workforce,Avg_Overtime_Hours,6.214,7.197357166363609,5.471859384922794,9.048735610138754,0,0.0,False
2024-10-01,Workforce,Avg_Overtime_Hours,14.565,12.683600844522246,10.869529447335967,14.45005966489709,1,3.2,False
2024-11-01,Workforce,Avg_Overtime_Hours,13.925,15.801770565140322,13.853813046409506,17.51604948228385,0,0.0,False
2024-12-01,Workforce,Avg_Overtime_Hours,14.133,12.561083737202908,10.689151549678993,14.401360752850644,0,0.0,False
2025-01-01,Workforce,Avg_Overtime_Hours,5.919,7.553399872681382,5.728695696768676,9.30370669786484,0,0.0,False
2025-02-01,Workforce,Avg_Overtime_Hours,6.456,6.288702869025341,4.357565787091252,8.04171668091244,0,0.0,False
2025-03-01,Workforce,Avg_Overtime_Hours,6.299,6.971088602204841,5.222351934625987,8.845907183963112,0,0.0,False
2025-04-01,Workforce,Avg_Overtime_Hours,5.824,6.586090206660949,4.793775999208327,8.440651933427178,0,0.0,False
2025-05-01,Workforce,Avg_Overtime_Hours,5.826,6.0993555928286085,4.282415295817341,8.106897868038066,0,0.0,False
2025-06-01,Workforce,Avg_Overtime_Hours,7.462,6.874387372686881,5.107305036452853,8.730300634355281,0,0.0,False
2025-07-01,Workforce,Avg_Overtime_Hours,6.618,6.789755414002055,4.976000128775087,8.529348801457758,0,0.0,False
2025-08-01,Workforce,Avg_Overtime_Hours,6.503,5.505482372335288,3.684795784036254,7.297866087433425,0,0.0,False
2025-09-01,Workforce,Avg_Overtime_Hours,6.07,7.29903526899772,5.368016075501762,9.146778168214476,0,0.0,False
2025-10-01,Workforce,Avg_Overtime_Hours,13.541,12.774451476500367,10.901617698751387,14.689956340798576,0,0.0,False
2025-11-01,Workforce,Avg_Overtime_Hours,14.675,15.940877152594062,14.088967226260266,17.857080031014032,0,0.0,False
2025-12-01,Workforce,Avg_Overtime_Hours,14.54,12.7418933480208,10.878296269059776,14.623870515709084,0,0.0,False
2024-01-01,Workforce,Avg_Productivity_Score,74.758,74.49414221486076,73.36934948776248,75.6601084490211,0,0.0,False
2024-02-01,Workforce,Avg_Productivity_Score,73.46,74.11957826746817,72.98892751517988,75.26014369627916,0,0.0,False
2024-03-01,Workforce,Avg_Productivity_Score,73.721,73.61267981758519,72.52486962024405,74.79685225183367,0,0.0,False
2024-04-01,Workforce,Avg_Productivity_Score,74.389,74.50368852233251,73.49985233792646,75.65667673087174,0,0.0,False
2024-05-01,Workforce,Avg_Productivity_Score,74.168,75.13623982652857,73.89624740775568,76.28984768838573,0,0.0,False
2024-06-01,Workforce,Avg_Productivity_Score,74.884,73.12375197290281,72.01000106234967,74.21738384355952,1,30.2,False
2024-07-01,Workforce,Avg_Productivity_Score,70.107,70.55835850010459,69.4177922026304,71.69263261330083,0,0.0,False
2024-08-01,Workforce,Avg_Productivity_Score,70.807,71.0413052552217,69.93847437650602,72.24248276525833,0,0.0,False
2024-09-01,Workforce,Avg_Productivity_Score,74.85,73.80790775883902,72.63334606219462,75.0015534105272,0,0.0,False
2024-10-01,Workforce,Avg_Productivity_Score,74.461,75.00554415983135,73.90002918052971,76.07532397866278,0,0.0,False
2024-11-01,Workforce,Avg_Productivity_Score,74.175,74.31869505481046,73.27186394187761,75.39949363515238,0,0.0,False
2024-12-01,Workforce,Avg_Productivity_Score,74.608,74.23951820380263,73.10190015807734,75.32338862544142,0,0.0,False
2025-01-01,Workforce,Avg_Productivity_Score,74.356,74.76705918259364,73.66560303680373,75.93937154614117,0,0.0,False
2025-02-01,Workforce,Avg_Productivity_Score,73.856,74.26780610201091,73.17144814238938,75.43700014729501,0,0.0,False
2025-03-01,Workforce,Avg_Productivity_Score,74.712,73.69205293607824,72.58113250404155,74.78859196526452,0,0.0,False
2025-04-01,Workforce,Avg_Productivity_Score,74.831,74.47335283282544,73.36208557713412,75.68180282806351,0,0.0,False
2025-05-01,Workforce,Avg_Productivity_Score,74.335,75.02453868290426,73.86838165374047,76.21498817617334,0,0.0,False
2025-06-01,Workforce,Avg_Productivity_Score,72.951,72.9328888645467,71.78157036071903,74.03122379613056,0,0.0,False
2025-07-01,Workforce,Avg_Productivity_Score,70.338,70.25841404518715,69.10379191928925,71.39240783837474,0,0.0,False
2025-08-01,Workforce,Avg_Productivity_Score,69.474,70.61199884261598,69.49627080784946,71.68217031870105,1,1.0,False
2025-09-01,Workforce,Avg_Productivity_Score,74.195,73.27759823081831,72.15847326748325,74.44920153014887,0,0.0,False
2025-10-01,Workforce,Avg_Productivity_Score,73.963,74.39943728544857,73.31087575892458,75.58781010165657,0,0.0,False
2025-11-01,Workforce,Avg_Productivity_Score,73.335,73.71618911110647,72.58863470936667,74.81240546118927,0,0.0,False
2025-12-01,Workforce,Avg_Productivity_Score,74.275,73.62600487895358,72.45312346658545,74.75100498771498,0,0.0,False
2024-01-01,Workforce,Avg_Severity_Score,57.447,56.3413921354996,52.10029006088429,60.534449350782296,0,0.0,True
2024-02-01,Workforce,Avg_Severity_Score,47.062,48.41350941552156,44.02314110021307,52.74850537369266,0,0.0,True
2024-03-01,Workforce,Avg_Severity_Score,46.215,44.85848719989213,40.44793614903393,49.48187510341127,0,0.0,True
2024-04-01,Workforce,Avg_Severity_Score,45.414,43.06931495645489,39.034491700202906,47.61250409714744,0,0.0,True
2024-05-01,Workforce,Avg_Severity_Score,44.316,43.22501495540971,38.89831274511688,47.595522524971024,0,0.0,True
2024-06-01,Workforce,Avg_Severity_Score,44.924,46.32259726633662,41.65819383665798,50.69086789186859,0,0.0,True
2024-07-01,Workforce,Avg_Severity_Score,47.897,48.42457951513423,44.450502904507225,52.81476359707521,0,0.0,True
2024-08-01,Workforce,Avg_Severity_Score,50.157,46.52880871846118,42.29333849399178,50.7205160646846,0,0.0,True
2024-09-01,Workforce,Avg_Severity_Score,40.01,46.32613622247759,41.99338950285936,50.6160341774274,1,23.0,True
2024-10-01,Workforce,Avg_Severity_Score,58.738,53.68592043349325,49.28746075633452,57.74294219030661,1,11.8,True
2024-11-01,Workforce,Avg_Severity_Score,58.108,63.14587460677544,59.026576446410616,67.3341660150896,1,11.1,True
2024-12-01,Workforce,Avg_Severity_Score,63.984,63.7361421009545,59.68548070683158,67.90732346602083,0,0.0,True
2025-01-01,Workforce,Avg_Severity_Score,55.669,55.63572597641994,51.28498940181802,59.9273192603629,0,0.0,True
2025-02-01,Workforce,Avg_Severity_Score,46.282,47.80297459860791,43.62047462413605,52.053710575564295,0,0.0,True
2025-03-01,Workforce,Avg_Severity_Score,45.153,44.40591832661377,40.07497715604641,48.3812380664393,0,0.0,True
2025-04-01,Workforce,Avg_Severity_Score,39.649,42.61023795545866,38.52064572841499,46.920102976545685,0,0.0,True
2025-05-01,Workforce,Avg_Severity_Score,41.774,42.74635751342289,38.32959509586923,47.18610193748765,0,0.0,True
2025-06-01,Workforce,Avg_Severity_Score,47.085,45.83286816933965,41.50472849066728,49.76554844751736,0,0.0,True
2025-07-01,Workforce,Avg_Severity_Score,47.532,47.96763788304979,43.819958571877045,52.43273085666053,0,0.0,True
2025-08-01,Workforce,Avg_Severity_Score,46.362,46.09756859498198,41.81290677497567,50.42916050214807,0,0.0,True
2025-09-01,Workforce,Avg_Severity_Score,44.589,45.84883330874904,41.494289799647525,49.87455019833191,0,0.0,True
2025-10-01,Workforce,Avg_Severity_Score,57.243,53.15638171808586,49.06864289203472,57.40939109154155,0,0.0,True
2025-11-01,Workforce,Avg_Severity_Score,60.434,62.65239322402177,58.43631175032271,67.12020434855717,0,0.0,True
2025-12-01,Workforce,Avg_Severity_Score,66.034,63.33357859049647,58.82262994311252,67.80289095546405,0,0.0,True
2024-01-01,Workforce,Avg_Training_Hours,4.787,4.495119576539406,4.047374091975153,4.955986479452366,0,0.0,False
2024-02-01,Workforce,Avg_Training_Hours,4.0,4.294374924295033,3.858376477420833,4.71965383452099,0,0.0,False
2024-03-01,Workforce,Avg_Training_Hours,4.075,3.8264769378746015,3.405482327048064,4.27417173552782,0,0.0,False
2024-04-01,Workforce,Avg_Training_Hours,3.894,3.823522624678616,3.381160186078643,4.272120697977076,0,0.0,False
2024-05-01,Workforce,Avg_Training_Hours,3.986,4.330040512571107,3.912936889695737,4.751370054749839,0,0.0,False
2024-06-01,Workforce,Avg_Training_Hours,4.75,4.539159195128486,4.097682129310807,4.978046080168838,0,0.0,False
2024-07-01,Workforce,Avg_Training_Hours,4.05,4.1889970225943385,3.7349630877544553,4.630444302526306,0,0.0,False
2024-08-01,Workforce,Avg_Training_Hours,3.801,3.8986597236610834,3.483959500646359,4.312941255108527,0,0.0,False
2024-09-01,Workforce,Avg_Training_Hours,4.313,3.979709590747636,3.5838831048673714,4.412465457599679,0,0.0,False
2024-10-01,Workforce,Avg_Training_Hours,3.806,4.035901345382392,3.594818982571024,4.483224158568167,0,0.0,False
2024-11-01,Workforce,Avg_Training_Hours,4.098,4.003240512633957,3.572401502069367,4.455612852360892,0,0.0,False
2024-12-01,Workforce,Avg_Training_Hours,3.783,4.223620939905724,3.7641986627317343,4.654691373006694,0,0.0,False
2025-01-01,Workforce,Avg_Training_Hours,4.832,4.520428183884859,4.07463084415699,4.952437184967978,0,0.0,False
2025-02-01,Workforce,Avg_Training_Hours,4.082,4.305339813517293,3.867469354930911,4.728301806865785,0,0.0,False
2025-03-01,Workforce,Avg_Training_Hours,3.782,3.8521265454670046,3.4149208031229468,4.327959536741421,0,0.0,False
2025-04-01,Workforce,Avg_Training_Hours,4.077,3.843217349314186,3.4397516642018577,4.302263384523408,0,0.0,False
2025-05-01,Workforce,Avg_Training_Hours,4.043,4.3485834719519865,3.905276629258767,4.759845039524901,0,0.0,False
2025-06-01,Workforce,Avg_Training_Hours,5.068,4.562939676903258,4.14033895417902,4.995164370006125,1,8.5,False
2025-07-01,Workforce,Avg_Training_Hours,3.846,4.215285847722049,3.791909279939039,4.666455263961629,0,0.0,False
2025-08-01,Workforce,Avg_Training_Hours,4.198,3.921914729293056,3.456093864787538,4.361254597722904,0,0.0,False
2025-09-01,Workforce,Avg_Training_Hours,3.765,4.001224631148554,3.542149223107656,4.444822076112176,0,0.0,False
2025-10-01,Workforce,Avg_Training_Hours,4.017,4.058864625401618,3.632917971038705,4.480486739360368,0,0.0,False
2025-11-01,Workforce,Avg_Training_Hours,4.333,4.025438643973542,3.6087103566730048,4.452395138098921,0,0.0,False
2025-12-01,Workforce,Avg_Training_Hours,4.152,4.243352312154471,3.805050035060124,4.6812335870948845,0,0.0,False
2024-01-01,Workforce,Turnover_Rate,0.007,0.0220578146137362,0.0124748111572957,0.0327755672899421,1,27.0,False
2024-02-01,Workforce,Turnover_Rate,0.02,0.0211298288791589,0.0112655735144354,0.0306891430638803,0,0.0,False
2024-03-01,Workforce,Turnover_Rate,0.027,0.0202578824112681,0.0104058101903709,0.0300507030578363,0,0.0,False
2024-04-01,Workforce,Turnover_Rate,0.0,0.0090196525506778,-2.6329581568650905e-05,0.0182069321621049,0,0.0,False
2024-05-01,Workforce,Turnover_Rate,0.014,0.0005336437506869,-0.0088188719073194,0.0104780744110942,1,18.3,False
2024-06-01,Workforce,Turnover_Rate,0.007,0.0083623482914056,-0.0008560791936969,0.0182172666098823,0,0.0,False
2024-07-01,Workforce,Turnover_Rate,0.022,0.0176754448200506,0.0083086086072846,0.0273528093130279,0,0.0,False
2024-08-01,Workforce,Turnover_Rate,0.015,0.0110381221925032,0.0015977988070663,0.0202300933363286,0,0.0,False
2024-09-01,Workforce,Turnover_Rate,0.0,0.001892935963954,-0.0082571281277701,0.0113886518650884,0,0.0,False
2024-10-01,Workforce,Turnover_Rate,0.007,0.0102823001995591,0.0002816289438436,0.0200813171265335,0,0.0,False
2024-11-01,Workforce,Turnover_Rate,0.03,0.0256145001965172,0.0162924672809795,0.0352356471153122,0,0.0,False
2024-12-01,Workforce,Turnover_Rate,0.031,0.0266979288397824,0.0167179936473929,0.0364177789215379,0,0.0,False
2025-01-01,Workforce,Turnover_Rate,0.024,0.0193440272331033,0.009973278747031,0.0294562600924826,0,0.0,False
2025-02-01,Workforce,Turnover_Rate,0.025,0.0185855572442783,0.0085648693067038,0.0285032687413896,0,0.0,False
2025-03-01,Workforce,Turnover_Rate,0.017,0.0177167006834439,0.0076777917360908,0.0278229773129899,0,0.0,False
2025-04-01,Workforce,Turnover_Rate,0.0,0.0065427530943892,-0.0027011693415378,0.0164695492747143,0,0.0,False
2025-05-01,Workforce,Turnover_Rate,0.0,-0.0020480725153654,-0.0117206952799386,0.0073267818148223,0,0.0,False
2025-06-01,Workforce,Turnover_Rate,0.0,0.0056674182804627,-0.0039976186806059,0.0155335782832608,0,0.0,False
2025-07-01,Workforce,Turnover_Rate,0.009,0.0150677972655358,0.0052578864967687,0.0246298097087051,0,0.0,False
2025-08-01,Workforce,Turnover_Rate,0.009,0.0085518030435308,-0.0009939652540929,0.0181894940461087,0,0.0,False
2025-09-01,Workforce,Turnover_Rate,0.0,-0.0006844617117152,-0.0100521485504564,0.0087366321871594,0,0.0,False
2025-10-01,Workforce,Turnover_Rate,0.009,0.0075626930143858,-0.0020243801728319,0.0174486964895332,0,0.0,False
2025-11-01,Workforce,Turnover_Rate,0.018,0.0229460134572275,0.0133718725880699,0.0322693854592539,0,0.0,False
2025-12-01,Workforce,Turnover_Rate,0.027,0.0241598769651694,0.0141365481051364,0.0339316066997855,0,0.0,False
